"rt","stimulus","response","trial_type","trial_index","time_elapsed","internal_node_id","subject_id","microphone_confirmed","device_id","view_history","trial_type_label","estimated_stimulus_onset","audio_upload","stimulus_code","sentence","condition","trial_stage","audio_url","recording_attempt","recording_filename","review_decision","saved_audio_file"
"2724","
    <div class=""consent"">
      <h2>Consent Form</h2>
      <p>If you agree to participate in this research, please click ""Continue"".</p>
    </div>
  ","0","html-button-response","0","2726","0.0-0.0","6nhu1nbwba","","","","","","","","","","","","","","",""
"1192","
    <div class=""instructions"">
      <h2>Instructions</h2>
      <p>In this experiment, you will see a sentence on the screen.</p>
      <p>Your task is to record yourself reading that sentence aloud using your microphone.</p>
      <p>For each sentence, you'll click <strong>Start Recording</strong> when you're ready, rather than having the recording begin right away.</p>
      <p>After each recording, you can listen back and either continue to the next sentence or re-record.</p>
      <p>Click ""Next"" to continue to the microphone test.</p>
    </div>
  ","0","html-button-response","1","3921","0.0-1.0","6nhu1nbwba","","","","","","","","","","","","","","",""
"","","","html-keyboard-response","2","5598","0.0-2.0","6nhu1nbwba","yes","","","","","","","","","","","","","",""
"1006","
    <div class=""content"">
      <h2>Microphone Setup</h2>
      <div class=""instruction-box"">
        <p>Before starting the experiment, we need to set up your microphone.</p>
        <p>On the next page:</p>
        <ul>
          <li>Your browser will ask for microphone permission - please click <strong>Allow</strong></li>
          <li>You'll see a dropdown menu with available microphones</li>
          <li>Select the microphone you want to use</li>
          <li>Click ""Use this microphone"" to continue</li>
        </ul>
      </div>
    </div>
  ","0","html-button-response","3","6607","0.0-3.0","6nhu1nbwba","","","","","","","","","","","","","","",""
"","","","initialize-microphone","4","9357","0.0-4.0","6nhu1nbwba","","bfe6b30e5c71667f4139593ba2ceffa17d91d704b4db2677902d058b17a33173","","","","","","","","","","","","",""
"968","","","instructions","5","10326","0.0-5.0","6nhu1nbwba","","","[{""page_index"":0,""viewing_time"":968}]","","","","","","","","","","","",""
"1340","
        <div class=""content"">
          <div class=""recording-box"">
            <h3>Microphone Test</h3>
            <p>Take a moment to get ready.</p>
            <p>Click the button below when you want to begin the test recording.</p>
          </div>
        </div>
      ","0","html-button-response","6","11669","0.0-6.0","6nhu1nbwba","","","","microphone_test_ready","","","","","","","","","","",""
"1996","
          <div class=""content"">
          <div class=""recording-box"">
          <h3>Recording in Progress...</h3>
          <p>Speak naturally, for example: <em>""Testing, 1, 2, 3.""</em></p>
      </div>
    ","6nhu1nbwba_microphone_test_audio.webm","html-audio-response","7","18009","0.0-7.0","6nhu1nbwba","","","","microphone_test","18","queued","","","","","","","","",""
"1592","
    <div class=""content"">
      <div class=""begin-box"">
        <h2>Let's Begin!</h2>
        <p>Now the microphone test is done and the main part begins.</p>
        <p>Each sentence will appear first, and you'll click <strong>Start Recording</strong> when you're ready to speak.</p>
        <p>After each sentence, you'll be able to listen to your recording and decide whether to keep it or record again.</p>
        <p>Click ""Continue"" to start recording the sentences.</p>
      </div>
    </div>
  ","0","html-button-response","8","19606","0.0-8.0","6nhu1nbwba","","","","","","","","","","","","","","",""
"4857","
          <div class=""recording-instructions-box"">
            <h2>Read the sentence aloud</h2>
            <p>Take a moment to get ready. When you are ready to begin, click the button below to start recording.</p>
            <p class=""sentence-stimulus"">The average ruby-throated hummingbird has the same weight as 3 nickels.</p>
          </div>
        ","0","html-button-response","9","24466","0.0-9.0-0.0","6nhu1nbwba","","","","","","","8F","The average ruby-throated hummingbird has the same weight as 3 nickels.","false","sentence_ready","","","","",""
"5563","
          <div class=""recording-instructions-box"">
            <h2>Recording in progress</h2>
            <p>Please read the sentence naturally, then click the button when you are done.</p>
            <p class=""sentence-stimulus"">The average ruby-throated hummingbird has the same weight as 3 nickels.</p>
          </div>
        ","null","html-audio-response","10","30107","0.0-9.0-1.0","6nhu1nbwba","","","","","17","","8F","The average ruby-throated hummingbird has the same weight as 3 nickels.","false","sentence_recording","blob:https://charburnham.github.io/f4408b0e-b40f-44e1-9f7d-9a08d36c11a7","1","6nhu1nbwba_8F_audio.webm","",""
"6764","
            <div class=""recording-instructions-box"">
              <h2>Review your recording</h2>
              <p>Listen to your recording for this sentence. If you want, you can record it again before moving on.</p>
              <p class=""sentence-stimulus"">The average ruby-throated hummingbird has the same weight as 3 nickels.</p>
              <audio controls src=""blob:https://charburnham.github.io/f4408b0e-b40f-44e1-9f7d-9a08d36c11a7"" class=""playback-audio""></audio>
            </div>
          ","1","html-button-response","11","36874","0.0-9.0-2.0","6nhu1nbwba","","","","","","queued","8F","The average ruby-throated hummingbird has the same weight as 3 nickels.","false","sentence_review","","1","6nhu1nbwba_8F_audio.webm","accepted","6nhu1nbwba_8F_audio.webm"
"1851","
          <div class=""recording-instructions-box"">
            <h2>Read the sentence aloud</h2>
            <p>Take a moment to get ready. When you are ready to begin, click the button below to start recording.</p>
            <p class=""sentence-stimulus"">Golf was invented before tennis.</p>
          </div>
        ","0","html-button-response","12","38729","0.0-10.0-0.0","6nhu1nbwba","","","","","","","27F","Golf was invented before tennis.","false","sentence_ready","","","","",""
"3791","
          <div class=""recording-instructions-box"">
            <h2>Recording in progress</h2>
            <p>Please read the sentence naturally, then click the button when you are done.</p>
            <p class=""sentence-stimulus"">Golf was invented before tennis.</p>
          </div>
        ","null","html-audio-response","13","42591","0.0-10.0-1.0","6nhu1nbwba","","","","","8","","27F","Golf was invented before tennis.","false","sentence_recording","blob:https://charburnham.github.io/ce9d5e9d-3ab6-4f7b-a2e5-c6411ac083d5","1","6nhu1nbwba_27F_audio.webm","",""
"4755","
            <div class=""recording-instructions-box"">
              <h2>Review your recording</h2>
              <p>Listen to your recording for this sentence. If you want, you can record it again before moving on.</p>
              <p class=""sentence-stimulus"">Golf was invented before tennis.</p>
              <audio controls src=""blob:https://charburnham.github.io/ce9d5e9d-3ab6-4f7b-a2e5-c6411ac083d5"" class=""playback-audio""></audio>
            </div>
          ","1","html-button-response","14","47354","0.0-10.0-2.0","6nhu1nbwba","","","","","","queued","27F","Golf was invented before tennis.","false","sentence_review","","1","6nhu1nbwba_27F_audio.webm","accepted","6nhu1nbwba_27F_audio.webm"
"3298","
          <div class=""recording-instructions-box"">
            <h2>Read the sentence aloud</h2>
            <p>Take a moment to get ready. When you are ready to begin, click the button below to start recording.</p>
            <p class=""sentence-stimulus"">Fourteen U.S. presidents have been only children.</p>
          </div>
        ","0","html-button-response","15","50656","0.0-11.0-0.0","6nhu1nbwba","","","","","","","10F","Fourteen U.S. presidents have been only children.","false","sentence_ready","","","","",""
"4209","
          <div class=""recording-instructions-box"">
            <h2>Recording in progress</h2>
            <p>Please read the sentence naturally, then click the button when you are done.</p>
            <p class=""sentence-stimulus"">Fourteen U.S. presidents have been only children.</p>
          </div>
        ","null","html-audio-response","16","54941","0.0-11.0-1.0","6nhu1nbwba","","","","","10","","10F","Fourteen U.S. presidents have been only children.","false","sentence_recording","blob:https://charburnham.github.io/ccaccc73-5513-4ee3-bcc9-159a20817cd6","1","6nhu1nbwba_10F_audio.webm","",""
"5072","
            <div class=""recording-instructions-box"">
              <h2>Review your recording</h2>
              <p>Listen to your recording for this sentence. If you want, you can record it again before moving on.</p>
              <p class=""sentence-stimulus"">Fourteen U.S. presidents have been only children.</p>
              <audio controls src=""blob:https://charburnham.github.io/ccaccc73-5513-4ee3-bcc9-159a20817cd6"" class=""playback-audio""></audio>
            </div>
          ","1","html-button-response","17","60014","0.0-11.0-2.0","6nhu1nbwba","","","","","","queued","10F","Fourteen U.S. presidents have been only children.","false","sentence_review","","1","6nhu1nbwba_10F_audio.webm","accepted","6nhu1nbwba_10F_audio.webm"
"2526","
          <div class=""recording-instructions-box"">
            <h2>Read the sentence aloud</h2>
            <p>Take a moment to get ready. When you are ready to begin, click the button below to start recording.</p>
            <p class=""sentence-stimulus"">Jupiter's mass is approximately 317 times earth's.</p>
          </div>
        ","0","html-button-response","18","62544","0.0-12.0-0.0","6nhu1nbwba","","","","","","","52T","Jupiter's mass is approximately 317 times earth's.","true","sentence_ready","","","","",""
"5209","
          <div class=""recording-instructions-box"">
            <h2>Recording in progress</h2>
            <p>Please read the sentence naturally, then click the button when you are done.</p>
            <p class=""sentence-stimulus"">Jupiter's mass is approximately 317 times earth's.</p>
          </div>
        ","null","html-audio-response","19","67825","0.0-12.0-1.0","6nhu1nbwba","","","","","5","","52T","Jupiter's mass is approximately 317 times earth's.","true","sentence_recording","blob:https://charburnham.github.io/870c60a8-0d72-4ed8-8170-b2e1ebcf8705","1","6nhu1nbwba_52T_audio.webm","",""
"1650","
            <div class=""recording-instructions-box"">
              <h2>Review your recording</h2>
              <p>Listen to your recording for this sentence. If you want, you can record it again before moving on.</p>
              <p class=""sentence-stimulus"">Jupiter's mass is approximately 317 times earth's.</p>
              <audio controls src=""blob:https://charburnham.github.io/870c60a8-0d72-4ed8-8170-b2e1ebcf8705"" class=""playback-audio""></audio>
            </div>
          ","1","html-button-response","20","69478","0.0-12.0-2.0","6nhu1nbwba","","","","","","queued","52T","Jupiter's mass is approximately 317 times earth's.","true","sentence_review","","1","6nhu1nbwba_52T_audio.webm","accepted","6nhu1nbwba_52T_audio.webm"
"97595","
          <div class=""recording-instructions-box"">
            <h2>Read the sentence aloud</h2>
            <p>Take a moment to get ready. When you are ready to begin, click the button below to start recording.</p>
            <p class=""sentence-stimulus"">The first trains went into operation in the 1690s.</p>
          </div>
        ","0","html-button-response","21","167076","0.0-13.0-0.0","6nhu1nbwba","","","","","","","45F","The first trains went into operation in the 1690s.","false","sentence_ready","","","","",""
"4862","
          <div class=""recording-instructions-box"">
            <h2>Recording in progress</h2>
            <p>Please read the sentence naturally, then click the button when you are done.</p>
            <p class=""sentence-stimulus"">The first trains went into operation in the 1690s.</p>
          </div>
        ","null","html-audio-response","22","172010","0.0-13.0-1.0","6nhu1nbwba","","","","","9","","45F","The first trains went into operation in the 1690s.","false","sentence_recording","blob:https://charburnham.github.io/fa501c1e-de3a-4102-956a-55d45ca842b2","1","6nhu1nbwba_45F_audio.webm","",""
"10775","
            <div class=""recording-instructions-box"">
              <h2>Review your recording</h2>
              <p>Listen to your recording for this sentence. If you want, you can record it again before moving on.</p>
              <p class=""sentence-stimulus"">The first trains went into operation in the 1690s.</p>
              <audio controls src=""blob:https://charburnham.github.io/fa501c1e-de3a-4102-956a-55d45ca842b2"" class=""playback-audio""></audio>
            </div>
          ","1","html-button-response","23","182791","0.0-13.0-2.0","6nhu1nbwba","","","","","","queued","45F","The first trains went into operation in the 1690s.","false","sentence_review","","1","6nhu1nbwba_45F_audio.webm","accepted","6nhu1nbwba_45F_audio.webm"
"3043","
          <div class=""recording-instructions-box"">
            <h2>Read the sentence aloud</h2>
            <p>Take a moment to get ready. When you are ready to begin, click the button below to start recording.</p>
            <p class=""sentence-stimulus"">Elephants can jump higher than humans.</p>
          </div>
        ","0","html-button-response","24","185840","0.0-14.0-0.0","6nhu1nbwba","","","","","","","F3F","Elephants can jump higher than humans.","false","sentence_ready","","","","",""
"3823","
          <div class=""recording-instructions-box"">
            <h2>Recording in progress</h2>
            <p>Please read the sentence naturally, then click the button when you are done.</p>
            <p class=""sentence-stimulus"">Elephants can jump higher than humans.</p>
          </div>
        ","null","html-audio-response","25","189743","0.0-14.0-1.0","6nhu1nbwba","","","","","17","","F3F","Elephants can jump higher than humans.","false","sentence_recording","blob:https://charburnham.github.io/d039ba21-83be-4702-92a2-27bfe78b2ac8","1","6nhu1nbwba_F3F_audio.webm","",""
"5107","
            <div class=""recording-instructions-box"">
              <h2>Review your recording</h2>
              <p>Listen to your recording for this sentence. If you want, you can record it again before moving on.</p>
              <p class=""sentence-stimulus"">Elephants can jump higher than humans.</p>
              <audio controls src=""blob:https://charburnham.github.io/d039ba21-83be-4702-92a2-27bfe78b2ac8"" class=""playback-audio""></audio>
            </div>
          ","0","html-button-response","26","194854","0.0-14.0-2.0","6nhu1nbwba","","","","","","not_uploaded_rerecorded","F3F","Elephants can jump higher than humans.","false","sentence_review","","1","6nhu1nbwba_F3F_audio.webm","rerecord","null"
"1037","
          <div class=""recording-instructions-box"">
            <h2>Read the sentence aloud</h2>
            <p>Take a moment to get ready. When you are ready to begin, click the button below to start recording.</p>
            <p class=""sentence-stimulus"">Elephants can jump higher than humans.</p>
          </div>
        ","0","html-button-response","27","195893","0.0-14.1-0.1","6nhu1nbwba","","","","","","","F3F","Elephants can jump higher than humans.","false","sentence_ready","","","","",""
"3702","
          <div class=""recording-instructions-box"">
            <h2>Recording in progress</h2>
            <p>Please read the sentence naturally, then click the button when you are done.</p>
            <p class=""sentence-stimulus"">Elephants can jump higher than humans.</p>
          </div>
        ","null","html-audio-response","28","199677","0.0-14.1-1.1","6nhu1nbwba","","","","","6","","F3F","Elephants can jump higher than humans.","false","sentence_recording","blob:https://charburnham.github.io/1045b0c9-eee3-441b-9d1f-6249b34e54c4","2","6nhu1nbwba_F3F_audio.webm","",""
"711","
            <div class=""recording-instructions-box"">
              <h2>Review your recording</h2>
              <p>Listen to your recording for this sentence. If you want, you can record it again before moving on.</p>
              <p class=""sentence-stimulus"">Elephants can jump higher than humans.</p>
              <audio controls src=""blob:https://charburnham.github.io/1045b0c9-eee3-441b-9d1f-6249b34e54c4"" class=""playback-audio""></audio>
            </div>
          ","1","html-button-response","29","200390","0.0-14.1-2.1","6nhu1nbwba","","","","","","queued","F3F","Elephants can jump higher than humans.","false","sentence_review","","2","6nhu1nbwba_F3F_audio.webm","accepted","6nhu1nbwba_F3F_audio.webm"
"872","
          <div class=""recording-instructions-box"">
            <h2>Read the sentence aloud</h2>
            <p>Take a moment to get ready. When you are ready to begin, click the button below to start recording.</p>
            <p class=""sentence-stimulus"">A honeybee can fly at 15 mph.</p>
          </div>
        ","0","html-button-response","30","201264","0.0-15.0-0.0","6nhu1nbwba","","","","","","","5T","A honeybee can fly at 15 mph.","true","sentence_ready","","","","",""
"4893","
          <div class=""recording-instructions-box"">
            <h2>Recording in progress</h2>
            <p>Please read the sentence naturally, then click the button when you are done.</p>
            <p class=""sentence-stimulus"">A honeybee can fly at 15 mph.</p>
          </div>
        ","null","html-audio-response","31","206226","0.0-15.0-1.0","6nhu1nbwba","","","","","3","","5T","A honeybee can fly at 15 mph.","true","sentence_recording","blob:https://charburnham.github.io/0138fd09-3af6-488c-a6bb-9e4bfa3147b8","1","6nhu1nbwba_5T_audio.webm","",""
"1317","
            <div class=""recording-instructions-box"">
              <h2>Review your recording</h2>
              <p>Listen to your recording for this sentence. If you want, you can record it again before moving on.</p>
              <p class=""sentence-stimulus"">A honeybee can fly at 15 mph.</p>
              <audio controls src=""blob:https://charburnham.github.io/0138fd09-3af6-488c-a6bb-9e4bfa3147b8"" class=""playback-audio""></audio>
            </div>
          ","1","html-button-response","32","207545","0.0-15.0-2.0","6nhu1nbwba","","","","","","queued","5T","A honeybee can fly at 15 mph.","true","sentence_review","","1","6nhu1nbwba_5T_audio.webm","accepted","6nhu1nbwba_5T_audio.webm"
"2990","
          <div class=""recording-instructions-box"">
            <h2>Read the sentence aloud</h2>
            <p>Take a moment to get ready. When you are ready to begin, click the button below to start recording.</p>
            <p class=""sentence-stimulus"">Louisiana was named after Louis 14th.</p>
          </div>
        ","0","html-button-response","33","210538","0.0-16.0-0.0","6nhu1nbwba","","","","","","","17T","Louisiana was named after Louis 14th.","true","sentence_ready","","","","",""
"4491","
          <div class=""recording-instructions-box"">
            <h2>Recording in progress</h2>
            <p>Please read the sentence naturally, then click the button when you are done.</p>
            <p class=""sentence-stimulus"">Louisiana was named after Louis 14th.</p>
          </div>
        ","null","html-audio-response","34","215109","0.0-16.0-1.0","6nhu1nbwba","","","","","17","","17T","Louisiana was named after Louis 14th.","true","sentence_recording","blob:https://charburnham.github.io/5703786a-b570-4acd-a03a-f36410157a0c","1","6nhu1nbwba_17T_audio.webm","",""
"6476","
            <div class=""recording-instructions-box"">
              <h2>Review your recording</h2>
              <p>Listen to your recording for this sentence. If you want, you can record it again before moving on.</p>
              <p class=""sentence-stimulus"">Louisiana was named after Louis 14th.</p>
              <audio controls src=""blob:https://charburnham.github.io/5703786a-b570-4acd-a03a-f36410157a0c"" class=""playback-audio""></audio>
            </div>
          ","1","html-button-response","35","221589","0.0-16.0-2.0","6nhu1nbwba","","","","","","queued","17T","Louisiana was named after Louis 14th.","true","sentence_review","","1","6nhu1nbwba_17T_audio.webm","accepted","6nhu1nbwba_17T_audio.webm"
"1779","
          <div class=""recording-instructions-box"">
            <h2>Read the sentence aloud</h2>
            <p>Take a moment to get ready. When you are ready to begin, click the button below to start recording.</p>
            <p class=""sentence-stimulus"">The speed limit in New York City was fifteen mph in 1895.</p>
          </div>
        ","0","html-button-response","36","223371","0.0-17.0-0.0","6nhu1nbwba","","","","","","","15F","The speed limit in New York City was fifteen mph in 1895.","false","sentence_ready","","","","",""
"6456","
          <div class=""recording-instructions-box"">
            <h2>Recording in progress</h2>
            <p>Please read the sentence naturally, then click the button when you are done.</p>
            <p class=""sentence-stimulus"">The speed limit in New York City was fifteen mph in 1895.</p>
          </div>
        ","null","html-audio-response","37","229910","0.0-17.0-1.0","6nhu1nbwba","","","","","10","","15F","The speed limit in New York City was fifteen mph in 1895.","false","sentence_recording","blob:https://charburnham.github.io/1b406cc4-269b-41d4-a118-5fc19fd78f55","1","6nhu1nbwba_15F_audio.webm","",""
"764","
            <div class=""recording-instructions-box"">
              <h2>Review your recording</h2>
              <p>Listen to your recording for this sentence. If you want, you can record it again before moving on.</p>
              <p class=""sentence-stimulus"">The speed limit in New York City was fifteen mph in 1895.</p>
              <audio controls src=""blob:https://charburnham.github.io/1b406cc4-269b-41d4-a118-5fc19fd78f55"" class=""playback-audio""></audio>
            </div>
          ","1","html-button-response","38","230677","0.0-17.0-2.0","6nhu1nbwba","","","","","","queued","15F","The speed limit in New York City was fifteen mph in 1895.","false","sentence_review","","1","6nhu1nbwba_15F_audio.webm","accepted","6nhu1nbwba_15F_audio.webm"
"1404","
          <div class=""recording-instructions-box"">
            <h2>Read the sentence aloud</h2>
            <p>Take a moment to get ready. When you are ready to begin, click the button below to start recording.</p>
            <p class=""sentence-stimulus"">A starfish can release approximately 2.5 million eggs at once.</p>
          </div>
        ","0","html-button-response","39","232084","0.0-18.0-0.0","6nhu1nbwba","","","","","","","24T","A starfish can release approximately 2.5 million eggs at once.","true","sentence_ready","","","","",""
"6006","
          <div class=""recording-instructions-box"">
            <h2>Recording in progress</h2>
            <p>Please read the sentence naturally, then click the button when you are done.</p>
            <p class=""sentence-stimulus"">A starfish can release approximately 2.5 million eggs at once.</p>
          </div>
        ","null","html-audio-response","40","238176","0.0-18.0-1.0","6nhu1nbwba","","","","","16","","24T","A starfish can release approximately 2.5 million eggs at once.","true","sentence_recording","blob:https://charburnham.github.io/4daef4e8-df69-4195-b811-95e33a3d634e","1","6nhu1nbwba_24T_audio.webm","",""
"2156","
            <div class=""recording-instructions-box"">
              <h2>Review your recording</h2>
              <p>Listen to your recording for this sentence. If you want, you can record it again before moving on.</p>
              <p class=""sentence-stimulus"">A starfish can release approximately 2.5 million eggs at once.</p>
              <audio controls src=""blob:https://charburnham.github.io/4daef4e8-df69-4195-b811-95e33a3d634e"" class=""playback-audio""></audio>
            </div>
          ","1","html-button-response","41","240336","0.0-18.0-2.0","6nhu1nbwba","","","","","","queued","24T","A starfish can release approximately 2.5 million eggs at once.","true","sentence_review","","1","6nhu1nbwba_24T_audio.webm","accepted","6nhu1nbwba_24T_audio.webm"
"4290","
          <div class=""recording-instructions-box"">
            <h2>Read the sentence aloud</h2>
            <p>Take a moment to get ready. When you are ready to begin, click the button below to start recording.</p>
            <p class=""sentence-stimulus"">The United States has no official language.</p>
          </div>
        ","0","html-button-response","42","244629","0.0-19.0-0.0","6nhu1nbwba","","","","","","","37T","The United States has no official language.","true","sentence_ready","","","","",""
"3770","
          <div class=""recording-instructions-box"">
            <h2>Recording in progress</h2>
            <p>Please read the sentence naturally, then click the button when you are done.</p>
            <p class=""sentence-stimulus"">The United States has no official language.</p>
          </div>
        ","null","html-audio-response","43","248476","0.0-19.0-1.0","6nhu1nbwba","","","","","10","","37T","The United States has no official language.","true","sentence_recording","blob:https://charburnham.github.io/0f8bce10-b446-4609-831a-0865c784f962","1","6nhu1nbwba_37T_audio.webm","",""
"746","
            <div class=""recording-instructions-box"">
              <h2>Review your recording</h2>
              <p>Listen to your recording for this sentence. If you want, you can record it again before moving on.</p>
              <p class=""sentence-stimulus"">The United States has no official language.</p>
              <audio controls src=""blob:https://charburnham.github.io/0f8bce10-b446-4609-831a-0865c784f962"" class=""playback-audio""></audio>
            </div>
          ","1","html-button-response","44","249225","0.0-19.0-2.0","6nhu1nbwba","","","","","","queued","37T","The United States has no official language.","true","sentence_review","","1","6nhu1nbwba_37T_audio.webm","accepted","6nhu1nbwba_37T_audio.webm"
"985","
          <div class=""recording-instructions-box"">
            <h2>Read the sentence aloud</h2>
            <p>Take a moment to get ready. When you are ready to begin, click the button below to start recording.</p>
            <p class=""sentence-stimulus"">A jellyfish is more than 70% water.</p>
          </div>
        ","0","html-button-response","45","250214","0.0-20.0-0.0","6nhu1nbwba","","","","","","","F9F","A jellyfish is more than 70% water.","false","sentence_ready","","","","",""
"4263","
          <div class=""recording-instructions-box"">
            <h2>Recording in progress</h2>
            <p>Please read the sentence naturally, then click the button when you are done.</p>
            <p class=""sentence-stimulus"">A jellyfish is more than 70% water.</p>
          </div>
        ","null","html-audio-response","46","254543","0.0-20.0-1.0","6nhu1nbwba","","","","","3","","F9F","A jellyfish is more than 70% water.","false","sentence_recording","blob:https://charburnham.github.io/f5299e18-5e9c-4aff-a020-62da42c059ab","1","6nhu1nbwba_F9F_audio.webm","",""
"649","
            <div class=""recording-instructions-box"">
              <h2>Review your recording</h2>
              <p>Listen to your recording for this sentence. If you want, you can record it again before moving on.</p>
              <p class=""sentence-stimulus"">A jellyfish is more than 70% water.</p>
              <audio controls src=""blob:https://charburnham.github.io/f5299e18-5e9c-4aff-a020-62da42c059ab"" class=""playback-audio""></audio>
            </div>
          ","1","html-button-response","47","255195","0.0-20.0-2.0","6nhu1nbwba","","","","","","queued","F9F","A jellyfish is more than 70% water.","false","sentence_review","","1","6nhu1nbwba_F9F_audio.webm","accepted","6nhu1nbwba_F9F_audio.webm"
"977","
          <div class=""recording-instructions-box"">
            <h2>Read the sentence aloud</h2>
            <p>Take a moment to get ready. When you are ready to begin, click the button below to start recording.</p>
            <p class=""sentence-stimulus"">Roughly 3% of the world's water is fresh water.</p>
          </div>
        ","0","html-button-response","48","256176","0.0-21.0-0.0","6nhu1nbwba","","","","","","","46T","Roughly 3% of the world's water is fresh water.","true","sentence_ready","","","","",""
"4391","
          <div class=""recording-instructions-box"">
            <h2>Recording in progress</h2>
            <p>Please read the sentence naturally, then click the button when you are done.</p>
            <p class=""sentence-stimulus"">Roughly 3% of the world's water is fresh water.</p>
          </div>
        ","null","html-audio-response","49","260644","0.0-21.0-1.0","6nhu1nbwba","","","","","9","","46T","Roughly 3% of the world's water is fresh water.","true","sentence_recording","blob:https://charburnham.github.io/b12baf64-c48e-4828-94ee-de561de9a2c1","1","6nhu1nbwba_46T_audio.webm","",""
"830","
            <div class=""recording-instructions-box"">
              <h2>Review your recording</h2>
              <p>Listen to your recording for this sentence. If you want, you can record it again before moving on.</p>
              <p class=""sentence-stimulus"">Roughly 3% of the world's water is fresh water.</p>
              <audio controls src=""blob:https://charburnham.github.io/b12baf64-c48e-4828-94ee-de561de9a2c1"" class=""playback-audio""></audio>
            </div>
          ","1","html-button-response","50","261477","0.0-21.0-2.0","6nhu1nbwba","","","","","","queued","46T","Roughly 3% of the world's water is fresh water.","true","sentence_review","","1","6nhu1nbwba_46T_audio.webm","accepted","6nhu1nbwba_46T_audio.webm"
"1085","
          <div class=""recording-instructions-box"">
            <h2>Read the sentence aloud</h2>
            <p>Take a moment to get ready. When you are ready to begin, click the button below to start recording.</p>
            <p class=""sentence-stimulus"">The world's first nuclear reactor was built in a squash court.</p>
          </div>
        ","0","html-button-response","51","262565","0.0-22.0-0.0","6nhu1nbwba","","","","","","","2T","The world's first nuclear reactor was built in a squash court.","true","sentence_ready","","","","",""
"4795","
          <div class=""recording-instructions-box"">
            <h2>Recording in progress</h2>
            <p>Please read the sentence naturally, then click the button when you are done.</p>
            <p class=""sentence-stimulus"">The world's first nuclear reactor was built in a squash court.</p>
          </div>
        ","null","html-audio-response","52","267426","0.0-22.0-1.0","6nhu1nbwba","","","","","3","","2T","The world's first nuclear reactor was built in a squash court.","true","sentence_recording","blob:https://charburnham.github.io/7efecdb3-e975-402c-b55c-e0486888fcb0","1","6nhu1nbwba_2T_audio.webm","",""
"565","
            <div class=""recording-instructions-box"">
              <h2>Review your recording</h2>
              <p>Listen to your recording for this sentence. If you want, you can record it again before moving on.</p>
              <p class=""sentence-stimulus"">The world's first nuclear reactor was built in a squash court.</p>
              <audio controls src=""blob:https://charburnham.github.io/7efecdb3-e975-402c-b55c-e0486888fcb0"" class=""playback-audio""></audio>
            </div>
          ","1","html-button-response","53","267994","0.0-22.0-2.0","6nhu1nbwba","","","","","","queued","2T","The world's first nuclear reactor was built in a squash court.","true","sentence_review","","1","6nhu1nbwba_2T_audio.webm","accepted","6nhu1nbwba_2T_audio.webm"
"799","
          <div class=""recording-instructions-box"">
            <h2>Read the sentence aloud</h2>
            <p>Take a moment to get ready. When you are ready to begin, click the button below to start recording.</p>
            <p class=""sentence-stimulus"">Almonds are part of the apple family.</p>
          </div>
        ","0","html-button-response","54","268796","0.0-23.0-0.0","6nhu1nbwba","","","","","","","9F","Almonds are part of the apple family.","false","sentence_ready","","","","",""
"3753","
          <div class=""recording-instructions-box"">
            <h2>Recording in progress</h2>
            <p>Please read the sentence naturally, then click the button when you are done.</p>
            <p class=""sentence-stimulus"">Almonds are part of the apple family.</p>
          </div>
        ","null","html-audio-response","55","272627","0.0-23.0-1.0","6nhu1nbwba","","","","","7","","9F","Almonds are part of the apple family.","false","sentence_recording","blob:https://charburnham.github.io/eda7fc58-0201-4265-a4a2-57db847efc66","1","6nhu1nbwba_9F_audio.webm","",""
"5893","
            <div class=""recording-instructions-box"">
              <h2>Review your recording</h2>
              <p>Listen to your recording for this sentence. If you want, you can record it again before moving on.</p>
              <p class=""sentence-stimulus"">Almonds are part of the apple family.</p>
              <audio controls src=""blob:https://charburnham.github.io/eda7fc58-0201-4265-a4a2-57db847efc66"" class=""playback-audio""></audio>
            </div>
          ","1","html-button-response","56","278523","0.0-23.0-2.0","6nhu1nbwba","","","","","","queued","9F","Almonds are part of the apple family.","false","sentence_review","","1","6nhu1nbwba_9F_audio.webm","accepted","6nhu1nbwba_9F_audio.webm"
"10705","
          <div class=""recording-instructions-box"">
            <h2>Read the sentence aloud</h2>
            <p>Take a moment to get ready. When you are ready to begin, click the button below to start recording.</p>
            <p class=""sentence-stimulus"">The large intestine is about 7 feet long.</p>
          </div>
        ","0","html-button-response","57","289232","0.0-24.0-0.0","6nhu1nbwba","","","","","","","44F","The large intestine is about 7 feet long.","false","sentence_ready","","","","",""
"4206","
          <div class=""recording-instructions-box"">
            <h2>Recording in progress</h2>
            <p>Please read the sentence naturally, then click the button when you are done.</p>
            <p class=""sentence-stimulus"">The large intestine is about 7 feet long.</p>
          </div>
        ","null","html-audio-response","58","293528","0.0-24.0-1.0","6nhu1nbwba","","","","","16","","44F","The large intestine is about 7 feet long.","false","sentence_recording","blob:https://charburnham.github.io/54559724-9f8e-4783-9272-20dcafbaf2f4","1","6nhu1nbwba_44F_audio.webm","",""
"723","
            <div class=""recording-instructions-box"">
              <h2>Review your recording</h2>
              <p>Listen to your recording for this sentence. If you want, you can record it again before moving on.</p>
              <p class=""sentence-stimulus"">The large intestine is about 7 feet long.</p>
              <audio controls src=""blob:https://charburnham.github.io/54559724-9f8e-4783-9272-20dcafbaf2f4"" class=""playback-audio""></audio>
            </div>
          ","1","html-button-response","59","294253","0.0-24.0-2.0","6nhu1nbwba","","","","","","queued","44F","The large intestine is about 7 feet long.","false","sentence_review","","1","6nhu1nbwba_44F_audio.webm","accepted","6nhu1nbwba_44F_audio.webm"
"799","
          <div class=""recording-instructions-box"">
            <h2>Read the sentence aloud</h2>
            <p>Take a moment to get ready. When you are ready to begin, click the button below to start recording.</p>
            <p class=""sentence-stimulus"">Almonds are part of the peach family.</p>
          </div>
        ","0","html-button-response","60","295055","0.0-25.0-0.0","6nhu1nbwba","","","","","","","9T","Almonds are part of the peach family.","true","sentence_ready","","","","",""
"3722","
          <div class=""recording-instructions-box"">
            <h2>Recording in progress</h2>
            <p>Please read the sentence naturally, then click the button when you are done.</p>
            <p class=""sentence-stimulus"">Almonds are part of the peach family.</p>
          </div>
        ","null","html-audio-response","61","298860","0.0-25.0-1.0","6nhu1nbwba","","","","","14","","9T","Almonds are part of the peach family.","true","sentence_recording","blob:https://charburnham.github.io/adda592f-f341-4591-8087-e9c8e1cb4cfe","1","6nhu1nbwba_9T_audio.webm","",""
"706","
            <div class=""recording-instructions-box"">
              <h2>Review your recording</h2>
              <p>Listen to your recording for this sentence. If you want, you can record it again before moving on.</p>
              <p class=""sentence-stimulus"">Almonds are part of the peach family.</p>
              <audio controls src=""blob:https://charburnham.github.io/adda592f-f341-4591-8087-e9c8e1cb4cfe"" class=""playback-audio""></audio>
            </div>
          ","1","html-button-response","62","299569","0.0-25.0-2.0","6nhu1nbwba","","","","","","queued","9T","Almonds are part of the peach family.","true","sentence_review","","1","6nhu1nbwba_9T_audio.webm","accepted","6nhu1nbwba_9T_audio.webm"
"1051","
          <div class=""recording-instructions-box"">
            <h2>Read the sentence aloud</h2>
            <p>Take a moment to get ready. When you are ready to begin, click the button below to start recording.</p>
            <p class=""sentence-stimulus"">The clownfish is the only animal that can turn its stomach inside out.</p>
          </div>
        ","0","html-button-response","63","300624","0.0-26.0-0.0","6nhu1nbwba","","","","","","","12F","The clownfish is the only animal that can turn its stomach inside out.","false","sentence_ready","","","","",""
"5678","
          <div class=""recording-instructions-box"">
            <h2>Recording in progress</h2>
            <p>Please read the sentence naturally, then click the button when you are done.</p>
            <p class=""sentence-stimulus"">The clownfish is the only animal that can turn its stomach inside out.</p>
          </div>
        ","null","html-audio-response","64","306378","0.0-26.0-1.0","6nhu1nbwba","","","","","10","","12F","The clownfish is the only animal that can turn its stomach inside out.","false","sentence_recording","blob:https://charburnham.github.io/65221713-fd0e-4273-b539-f80a5a732c06","1","6nhu1nbwba_12F_audio.webm","",""
"6748","
            <div class=""recording-instructions-box"">
              <h2>Review your recording</h2>
              <p>Listen to your recording for this sentence. If you want, you can record it again before moving on.</p>
              <p class=""sentence-stimulus"">The clownfish is the only animal that can turn its stomach inside out.</p>
              <audio controls src=""blob:https://charburnham.github.io/65221713-fd0e-4273-b539-f80a5a732c06"" class=""playback-audio""></audio>
            </div>
          ","1","html-button-response","65","313129","0.0-26.0-2.0","6nhu1nbwba","","","","","","queued","12F","The clownfish is the only animal that can turn its stomach inside out.","false","sentence_review","","1","6nhu1nbwba_12F_audio.webm","accepted","6nhu1nbwba_12F_audio.webm"
"1158","
          <div class=""recording-instructions-box"">
            <h2>Read the sentence aloud</h2>
            <p>Take a moment to get ready. When you are ready to begin, click the button below to start recording.</p>
            <p class=""sentence-stimulus"">English is the official language of the United States.</p>
          </div>
        ","0","html-button-response","66","314291","0.0-27.0-0.0","6nhu1nbwba","","","","","","","37F","English is the official language of the United States.","false","sentence_ready","","","","",""
"4204","
          <div class=""recording-instructions-box"">
            <h2>Recording in progress</h2>
            <p>Please read the sentence naturally, then click the button when you are done.</p>
            <p class=""sentence-stimulus"">English is the official language of the United States.</p>
          </div>
        ","null","html-audio-response","67","318578","0.0-27.0-1.0","6nhu1nbwba","","","","","17","","37F","English is the official language of the United States.","false","sentence_recording","blob:https://charburnham.github.io/e30b02e0-4472-4390-be2b-10ac0032a917","1","6nhu1nbwba_37F_audio.webm","",""
"828","
            <div class=""recording-instructions-box"">
              <h2>Review your recording</h2>
              <p>Listen to your recording for this sentence. If you want, you can record it again before moving on.</p>
              <p class=""sentence-stimulus"">English is the official language of the United States.</p>
              <audio controls src=""blob:https://charburnham.github.io/e30b02e0-4472-4390-be2b-10ac0032a917"" class=""playback-audio""></audio>
            </div>
          ","1","html-button-response","68","319410","0.0-27.0-2.0","6nhu1nbwba","","","","","","queued","37F","English is the official language of the United States.","false","sentence_review","","1","6nhu1nbwba_37F_audio.webm","accepted","6nhu1nbwba_37F_audio.webm"
"1050","
          <div class=""recording-instructions-box"">
            <h2>Read the sentence aloud</h2>
            <p>Take a moment to get ready. When you are ready to begin, click the button below to start recording.</p>
            <p class=""sentence-stimulus"">Jellyfish do not have hearts.</p>
          </div>
        ","0","html-button-response","69","320464","0.0-28.0-0.0","6nhu1nbwba","","","","","","","25T","Jellyfish do not have hearts.","true","sentence_ready","","","","",""
"3068","
          <div class=""recording-instructions-box"">
            <h2>Recording in progress</h2>
            <p>Please read the sentence naturally, then click the button when you are done.</p>
            <p class=""sentence-stimulus"">Jellyfish do not have hearts.</p>
          </div>
        ","null","html-audio-response","70","323610","0.0-28.0-1.0","6nhu1nbwba","","","","","3","","25T","Jellyfish do not have hearts.","true","sentence_recording","blob:https://charburnham.github.io/de3685db-1aa8-4187-8947-b2ad7597e71a","1","6nhu1nbwba_25T_audio.webm","",""
"4115","
            <div class=""recording-instructions-box"">
              <h2>Review your recording</h2>
              <p>Listen to your recording for this sentence. If you want, you can record it again before moving on.</p>
              <p class=""sentence-stimulus"">Jellyfish do not have hearts.</p>
              <audio controls src=""blob:https://charburnham.github.io/de3685db-1aa8-4187-8947-b2ad7597e71a"" class=""playback-audio""></audio>
            </div>
          ","1","html-button-response","71","327728","0.0-28.0-2.0","6nhu1nbwba","","","","","","queued","25T","Jellyfish do not have hearts.","true","sentence_review","","1","6nhu1nbwba_25T_audio.webm","accepted","6nhu1nbwba_25T_audio.webm"
"5230","
          <div class=""recording-instructions-box"">
            <h2>Read the sentence aloud</h2>
            <p>Take a moment to get ready. When you are ready to begin, click the button below to start recording.</p>
            <p class=""sentence-stimulus"">Elephants can't jump.</p>
          </div>
        ","0","html-button-response","72","332962","0.0-29.0-0.0","6nhu1nbwba","","","","","","","F3T","Elephants can't jump.","true","sentence_ready","","","","",""
"2756","
          <div class=""recording-instructions-box"">
            <h2>Recording in progress</h2>
            <p>Please read the sentence naturally, then click the button when you are done.</p>
            <p class=""sentence-stimulus"">Elephants can't jump.</p>
          </div>
        ","null","html-audio-response","73","335794","0.0-29.0-1.0","6nhu1nbwba","","","","","3","","F3T","Elephants can't jump.","true","sentence_recording","blob:https://charburnham.github.io/a72f9c91-10e8-4a4d-b806-f313605ca955","1","6nhu1nbwba_F3T_audio.webm","",""
"593","
            <div class=""recording-instructions-box"">
              <h2>Review your recording</h2>
              <p>Listen to your recording for this sentence. If you want, you can record it again before moving on.</p>
              <p class=""sentence-stimulus"">Elephants can't jump.</p>
              <audio controls src=""blob:https://charburnham.github.io/a72f9c91-10e8-4a4d-b806-f313605ca955"" class=""playback-audio""></audio>
            </div>
          ","1","html-button-response","74","336390","0.0-29.0-2.0","6nhu1nbwba","","","","","","queued","F3T","Elephants can't jump.","true","sentence_review","","1","6nhu1nbwba_F3T_audio.webm","accepted","6nhu1nbwba_F3T_audio.webm"
"838","
          <div class=""recording-instructions-box"">
            <h2>Read the sentence aloud</h2>
            <p>Take a moment to get ready. When you are ready to begin, click the button below to start recording.</p>
            <p class=""sentence-stimulus"">The large intestine is about 5 feet long.</p>
          </div>
        ","0","html-button-response","75","337232","0.0-30.0-0.0","6nhu1nbwba","","","","","","","44T","The large intestine is about 5 feet long.","true","sentence_ready","","","","",""
"3983","
          <div class=""recording-instructions-box"">
            <h2>Recording in progress</h2>
            <p>Please read the sentence naturally, then click the button when you are done.</p>
            <p class=""sentence-stimulus"">The large intestine is about 5 feet long.</p>
          </div>
        ","null","html-audio-response","76","341311","0.0-30.0-1.0","6nhu1nbwba","","","","","17","","44T","The large intestine is about 5 feet long.","true","sentence_recording","blob:https://charburnham.github.io/547b783a-d8f8-4749-aad4-b6db75e417f0","1","6nhu1nbwba_44T_audio.webm","",""
"881","
            <div class=""recording-instructions-box"">
              <h2>Review your recording</h2>
              <p>Listen to your recording for this sentence. If you want, you can record it again before moving on.</p>
              <p class=""sentence-stimulus"">The large intestine is about 5 feet long.</p>
              <audio controls src=""blob:https://charburnham.github.io/547b783a-d8f8-4749-aad4-b6db75e417f0"" class=""playback-audio""></audio>
            </div>
          ","1","html-button-response","77","342195","0.0-30.0-2.0","6nhu1nbwba","","","","","","queued","44T","The large intestine is about 5 feet long.","true","sentence_review","","1","6nhu1nbwba_44T_audio.webm","accepted","6nhu1nbwba_44T_audio.webm"
"1101","
          <div class=""recording-instructions-box"">
            <h2>Read the sentence aloud</h2>
            <p>Take a moment to get ready. When you are ready to begin, click the button below to start recording.</p>
            <p class=""sentence-stimulus"">The mouth of the Statue of Liberty is 7 feet wide.</p>
          </div>
        ","0","html-button-response","78","343299","0.0-31.0-0.0","6nhu1nbwba","","","","","","","18F","The mouth of the Statue of Liberty is 7 feet wide.","false","sentence_ready","","","","",""
"4491","
          <div class=""recording-instructions-box"">
            <h2>Recording in progress</h2>
            <p>Please read the sentence naturally, then click the button when you are done.</p>
            <p class=""sentence-stimulus"">The mouth of the Statue of Liberty is 7 feet wide.</p>
          </div>
        ","null","html-audio-response","79","347861","0.0-31.0-1.0","6nhu1nbwba","","","","","7","","18F","The mouth of the Statue of Liberty is 7 feet wide.","false","sentence_recording","blob:https://charburnham.github.io/3c0e969b-e7c3-4e01-ba8b-afeba86e5d2a","1","6nhu1nbwba_18F_audio.webm","",""
"1141","
            <div class=""recording-instructions-box"">
              <h2>Review your recording</h2>
              <p>Listen to your recording for this sentence. If you want, you can record it again before moving on.</p>
              <p class=""sentence-stimulus"">The mouth of the Statue of Liberty is 7 feet wide.</p>
              <audio controls src=""blob:https://charburnham.github.io/3c0e969b-e7c3-4e01-ba8b-afeba86e5d2a"" class=""playback-audio""></audio>
            </div>
          ","1","html-button-response","80","349005","0.0-31.0-2.0","6nhu1nbwba","","","","","","queued","18F","The mouth of the Statue of Liberty is 7 feet wide.","false","sentence_review","","1","6nhu1nbwba_18F_audio.webm","accepted","6nhu1nbwba_18F_audio.webm"
"1438","
          <div class=""recording-instructions-box"">
            <h2>Read the sentence aloud</h2>
            <p>Take a moment to get ready. When you are ready to begin, click the button below to start recording.</p>
            <p class=""sentence-stimulus"">Giraffes can lick their own eyes.</p>
          </div>
        ","0","html-button-response","81","350446","0.0-32.0-0.0","6nhu1nbwba","","","","","","","19T","Giraffes can lick their own eyes.","true","sentence_ready","","","","",""
"2879","
          <div class=""recording-instructions-box"">
            <h2>Recording in progress</h2>
            <p>Please read the sentence naturally, then click the button when you are done.</p>
            <p class=""sentence-stimulus"">Giraffes can lick their own eyes.</p>
          </div>
        ","null","html-audio-response","82","353394","0.0-32.0-1.0","6nhu1nbwba","","","","","6","","19T","Giraffes can lick their own eyes.","true","sentence_recording","blob:https://charburnham.github.io/cba74ab5-f6b5-4ce2-b9b4-81b2ca22929c","1","6nhu1nbwba_19T_audio.webm","",""
"4035","
            <div class=""recording-instructions-box"">
              <h2>Review your recording</h2>
              <p>Listen to your recording for this sentence. If you want, you can record it again before moving on.</p>
              <p class=""sentence-stimulus"">Giraffes can lick their own eyes.</p>
              <audio controls src=""blob:https://charburnham.github.io/cba74ab5-f6b5-4ce2-b9b4-81b2ca22929c"" class=""playback-audio""></audio>
            </div>
          ","0","html-button-response","83","357431","0.0-32.0-2.0","6nhu1nbwba","","","","","","not_uploaded_rerecorded","19T","Giraffes can lick their own eyes.","true","sentence_review","","1","6nhu1nbwba_19T_audio.webm","rerecord","null"
"777","
          <div class=""recording-instructions-box"">
            <h2>Read the sentence aloud</h2>
            <p>Take a moment to get ready. When you are ready to begin, click the button below to start recording.</p>
            <p class=""sentence-stimulus"">Giraffes can lick their own eyes.</p>
          </div>
        ","0","html-button-response","84","358209","0.0-32.1-0.1","6nhu1nbwba","","","","","","","19T","Giraffes can lick their own eyes.","true","sentence_ready","","","","",""
"3202","
          <div class=""recording-instructions-box"">
            <h2>Recording in progress</h2>
            <p>Please read the sentence naturally, then click the button when you are done.</p>
            <p class=""sentence-stimulus"">Giraffes can lick their own eyes.</p>
          </div>
        ","null","html-audio-response","85","361494","0.0-32.1-1.1","6nhu1nbwba","","","","","13","","19T","Giraffes can lick their own eyes.","true","sentence_recording","blob:https://charburnham.github.io/54e80a1b-042b-4ddc-8620-95511debe27a","2","6nhu1nbwba_19T_audio.webm","",""
"621","
            <div class=""recording-instructions-box"">
              <h2>Review your recording</h2>
              <p>Listen to your recording for this sentence. If you want, you can record it again before moving on.</p>
              <p class=""sentence-stimulus"">Giraffes can lick their own eyes.</p>
              <audio controls src=""blob:https://charburnham.github.io/54e80a1b-042b-4ddc-8620-95511debe27a"" class=""playback-audio""></audio>
            </div>
          ","1","html-button-response","86","362118","0.0-32.1-2.1","6nhu1nbwba","","","","","","queued","19T","Giraffes can lick their own eyes.","true","sentence_review","","2","6nhu1nbwba_19T_audio.webm","accepted","6nhu1nbwba_19T_audio.webm"
"2262","
          <div class=""recording-instructions-box"">
            <h2>Read the sentence aloud</h2>
            <p>Take a moment to get ready. When you are ready to begin, click the button below to start recording.</p>
            <p class=""sentence-stimulus"">The mouth of the Statue of Liberty is 3 feet wide.</p>
          </div>
        ","0","html-button-response","87","364384","0.0-33.0-0.0","6nhu1nbwba","","","","","","","18T","The mouth of the Statue of Liberty is 3 feet wide.","true","sentence_ready","","","","",""
"918","
          <div class=""recording-instructions-box"">
            <h2>Recording in progress</h2>
            <p>Please read the sentence naturally, then click the button when you are done.</p>
            <p class=""sentence-stimulus"">The mouth of the Statue of Liberty is 3 feet wide.</p>
          </div>
        ","null","html-audio-response","88","365377","0.0-33.0-1.0","6nhu1nbwba","","","","","2","","18T","The mouth of the Statue of Liberty is 3 feet wide.","true","sentence_recording","blob:https://charburnham.github.io/ef93e1af-31d2-4469-bfb1-4ba5c423cbce","1","6nhu1nbwba_18T_audio.webm","",""
"722","
            <div class=""recording-instructions-box"">
              <h2>Review your recording</h2>
              <p>Listen to your recording for this sentence. If you want, you can record it again before moving on.</p>
              <p class=""sentence-stimulus"">The mouth of the Statue of Liberty is 3 feet wide.</p>
              <audio controls src=""blob:https://charburnham.github.io/ef93e1af-31d2-4469-bfb1-4ba5c423cbce"" class=""playback-audio""></audio>
            </div>
          ","0","html-button-response","89","366102","0.0-33.0-2.0","6nhu1nbwba","","","","","","not_uploaded_rerecorded","18T","The mouth of the Statue of Liberty is 3 feet wide.","true","sentence_review","","1","6nhu1nbwba_18T_audio.webm","rerecord","null"
"1207","
          <div class=""recording-instructions-box"">
            <h2>Read the sentence aloud</h2>
            <p>Take a moment to get ready. When you are ready to begin, click the button below to start recording.</p>
            <p class=""sentence-stimulus"">The mouth of the Statue of Liberty is 3 feet wide.</p>
          </div>
        ","0","html-button-response","90","367311","0.0-33.1-0.1","6nhu1nbwba","","","","","","","18T","The mouth of the Statue of Liberty is 3 feet wide.","true","sentence_ready","","","","",""
"3957","
          <div class=""recording-instructions-box"">
            <h2>Recording in progress</h2>
            <p>Please read the sentence naturally, then click the button when you are done.</p>
            <p class=""sentence-stimulus"">The mouth of the Statue of Liberty is 3 feet wide.</p>
          </div>
        ","null","html-audio-response","91","371344","0.0-33.1-1.1","6nhu1nbwba","","","","","4","","18T","The mouth of the Statue of Liberty is 3 feet wide.","true","sentence_recording","blob:https://charburnham.github.io/ff69cbba-37bd-43c8-b5b4-35ec93fca638","2","6nhu1nbwba_18T_audio.webm","",""
"635","
            <div class=""recording-instructions-box"">
              <h2>Review your recording</h2>
              <p>Listen to your recording for this sentence. If you want, you can record it again before moving on.</p>
              <p class=""sentence-stimulus"">The mouth of the Statue of Liberty is 3 feet wide.</p>
              <audio controls src=""blob:https://charburnham.github.io/ff69cbba-37bd-43c8-b5b4-35ec93fca638"" class=""playback-audio""></audio>
            </div>
          ","1","html-button-response","92","371982","0.0-33.1-2.1","6nhu1nbwba","","","","","","queued","18T","The mouth of the Statue of Liberty is 3 feet wide.","true","sentence_review","","2","6nhu1nbwba_18T_audio.webm","accepted","6nhu1nbwba_18T_audio.webm"
"1436","
          <div class=""recording-instructions-box"">
            <h2>Read the sentence aloud</h2>
            <p>Take a moment to get ready. When you are ready to begin, click the button below to start recording.</p>
            <p class=""sentence-stimulus"">Before mercury, whisky was used to fill thermometers.</p>
          </div>
        ","0","html-button-response","93","373422","0.0-34.0-0.0","6nhu1nbwba","","","","","","","F6F","Before mercury, whisky was used to fill thermometers.","false","sentence_ready","","","","",""
"2453","
          <div class=""recording-instructions-box"">
            <h2>Recording in progress</h2>
            <p>Please read the sentence naturally, then click the button when you are done.</p>
            <p class=""sentence-stimulus"">Before mercury, whisky was used to fill thermometers.</p>
          </div>
        ","null","html-audio-response","94","375962","0.0-34.0-1.0","6nhu1nbwba","","","","","10","","F6F","Before mercury, whisky was used to fill thermometers.","false","sentence_recording","blob:https://charburnham.github.io/24052bd9-5542-4274-a181-c3d2f60f20a9","1","6nhu1nbwba_F6F_audio.webm","",""
"794","
            <div class=""recording-instructions-box"">
              <h2>Review your recording</h2>
              <p>Listen to your recording for this sentence. If you want, you can record it again before moving on.</p>
              <p class=""sentence-stimulus"">Before mercury, whisky was used to fill thermometers.</p>
              <audio controls src=""blob:https://charburnham.github.io/24052bd9-5542-4274-a181-c3d2f60f20a9"" class=""playback-audio""></audio>
            </div>
          ","0","html-button-response","95","376758","0.0-34.0-2.0","6nhu1nbwba","","","","","","not_uploaded_rerecorded","F6F","Before mercury, whisky was used to fill thermometers.","false","sentence_review","","1","6nhu1nbwba_F6F_audio.webm","rerecord","null"
"1184","
          <div class=""recording-instructions-box"">
            <h2>Read the sentence aloud</h2>
            <p>Take a moment to get ready. When you are ready to begin, click the button below to start recording.</p>
            <p class=""sentence-stimulus"">Before mercury, whisky was used to fill thermometers.</p>
          </div>
        ","0","html-button-response","96","377945","0.0-34.1-0.1","6nhu1nbwba","","","","","","","F6F","Before mercury, whisky was used to fill thermometers.","false","sentence_ready","","","","",""
"2770","
          <div class=""recording-instructions-box"">
            <h2>Recording in progress</h2>
            <p>Please read the sentence naturally, then click the button when you are done.</p>
            <p class=""sentence-stimulus"">Before mercury, whisky was used to fill thermometers.</p>
          </div>
        ","null","html-audio-response","97","380794","0.0-34.1-1.1","6nhu1nbwba","","","","","8","","F6F","Before mercury, whisky was used to fill thermometers.","false","sentence_recording","blob:https://charburnham.github.io/91d5419f-ed1e-4f98-8116-5be30fbdf7db","2","6nhu1nbwba_F6F_audio.webm","",""
"4247","
            <div class=""recording-instructions-box"">
              <h2>Review your recording</h2>
              <p>Listen to your recording for this sentence. If you want, you can record it again before moving on.</p>
              <p class=""sentence-stimulus"">Before mercury, whisky was used to fill thermometers.</p>
              <audio controls src=""blob:https://charburnham.github.io/91d5419f-ed1e-4f98-8116-5be30fbdf7db"" class=""playback-audio""></audio>
            </div>
          ","0","html-button-response","98","385045","0.0-34.1-2.1","6nhu1nbwba","","","","","","not_uploaded_rerecorded","F6F","Before mercury, whisky was used to fill thermometers.","false","sentence_review","","2","6nhu1nbwba_F6F_audio.webm","rerecord","null"
"1272","
          <div class=""recording-instructions-box"">
            <h2>Read the sentence aloud</h2>
            <p>Take a moment to get ready. When you are ready to begin, click the button below to start recording.</p>
            <p class=""sentence-stimulus"">Before mercury, whisky was used to fill thermometers.</p>
          </div>
        ","0","html-button-response","99","386319","0.0-34.2-0.2","6nhu1nbwba","","","","","","","F6F","Before mercury, whisky was used to fill thermometers.","false","sentence_ready","","","","",""
"4323","
          <div class=""recording-instructions-box"">
            <h2>Recording in progress</h2>
            <p>Please read the sentence naturally, then click the button when you are done.</p>
            <p class=""sentence-stimulus"">Before mercury, whisky was used to fill thermometers.</p>
          </div>
        ","null","html-audio-response","100","390711","0.0-34.2-1.2","6nhu1nbwba","","","","","4","","F6F","Before mercury, whisky was used to fill thermometers.","false","sentence_recording","blob:https://charburnham.github.io/989451d3-8d2c-44ad-8f09-57ccd43eeb24","3","6nhu1nbwba_F6F_audio.webm","",""
"927","
            <div class=""recording-instructions-box"">
              <h2>Review your recording</h2>
              <p>Listen to your recording for this sentence. If you want, you can record it again before moving on.</p>
              <p class=""sentence-stimulus"">Before mercury, whisky was used to fill thermometers.</p>
              <audio controls src=""blob:https://charburnham.github.io/989451d3-8d2c-44ad-8f09-57ccd43eeb24"" class=""playback-audio""></audio>
            </div>
          ","1","html-button-response","101","391642","0.0-34.2-2.2","6nhu1nbwba","","","","","","queued","F6F","Before mercury, whisky was used to fill thermometers.","false","sentence_review","","3","6nhu1nbwba_F6F_audio.webm","accepted","6nhu1nbwba_F6F_audio.webm"
"854","
          <div class=""recording-instructions-box"">
            <h2>Read the sentence aloud</h2>
            <p>Take a moment to get ready. When you are ready to begin, click the button below to start recording.</p>
            <p class=""sentence-stimulus"">Camels have three eyelids on each eye.</p>
          </div>
        ","0","html-button-response","102","392500","0.0-35.0-0.0","6nhu1nbwba","","","","","","","32T","Camels have three eyelids on each eye.","true","sentence_ready","","","","",""
"3676","
          <div class=""recording-instructions-box"">
            <h2>Recording in progress</h2>
            <p>Please read the sentence naturally, then click the button when you are done.</p>
            <p class=""sentence-stimulus"">Camels have three eyelids on each eye.</p>
          </div>
        ","null","html-audio-response","103","396245","0.0-35.0-1.0","6nhu1nbwba","","","","","8","","32T","Camels have three eyelids on each eye.","true","sentence_recording","blob:https://charburnham.github.io/c81f7b8b-71f8-4634-8d03-d459e6e5b8e3","1","6nhu1nbwba_32T_audio.webm","",""
"579","
            <div class=""recording-instructions-box"">
              <h2>Review your recording</h2>
              <p>Listen to your recording for this sentence. If you want, you can record it again before moving on.</p>
              <p class=""sentence-stimulus"">Camels have three eyelids on each eye.</p>
              <audio controls src=""blob:https://charburnham.github.io/c81f7b8b-71f8-4634-8d03-d459e6e5b8e3"" class=""playback-audio""></audio>
            </div>
          ","1","html-button-response","104","396828","0.0-35.0-2.0","6nhu1nbwba","","","","","","queued","32T","Camels have three eyelids on each eye.","true","sentence_review","","1","6nhu1nbwba_32T_audio.webm","accepted","6nhu1nbwba_32T_audio.webm"
"1460","
          <div class=""recording-instructions-box"">
            <h2>Read the sentence aloud</h2>
            <p>Take a moment to get ready. When you are ready to begin, click the button below to start recording.</p>
            <p class=""sentence-stimulus"">The blue whale is the second largest animal that has ever lived on earth.</p>
          </div>
        ","0","html-button-response","105","398292","0.0-36.0-0.0","6nhu1nbwba","","","","","","","F16F","The blue whale is the second largest animal that has ever lived on earth.","false","sentence_ready","","","","",""
"4901","
          <div class=""recording-instructions-box"">
            <h2>Recording in progress</h2>
            <p>Please read the sentence naturally, then click the button when you are done.</p>
            <p class=""sentence-stimulus"">The blue whale is the second largest animal that has ever lived on earth.</p>
          </div>
        ","null","html-audio-response","106","403278","0.0-36.0-1.0","6nhu1nbwba","","","","","8","","F16F","The blue whale is the second largest animal that has ever lived on earth.","false","sentence_recording","blob:https://charburnham.github.io/a9d2fb4c-78ca-45b3-aec2-46de6adabde5","1","6nhu1nbwba_F16F_audio.webm","",""
"5710","
            <div class=""recording-instructions-box"">
              <h2>Review your recording</h2>
              <p>Listen to your recording for this sentence. If you want, you can record it again before moving on.</p>
              <p class=""sentence-stimulus"">The blue whale is the second largest animal that has ever lived on earth.</p>
              <audio controls src=""blob:https://charburnham.github.io/a9d2fb4c-78ca-45b3-aec2-46de6adabde5"" class=""playback-audio""></audio>
            </div>
          ","0","html-button-response","107","408991","0.0-36.0-2.0","6nhu1nbwba","","","","","","not_uploaded_rerecorded","F16F","The blue whale is the second largest animal that has ever lived on earth.","false","sentence_review","","1","6nhu1nbwba_F16F_audio.webm","rerecord","null"
"894","
          <div class=""recording-instructions-box"">
            <h2>Read the sentence aloud</h2>
            <p>Take a moment to get ready. When you are ready to begin, click the button below to start recording.</p>
            <p class=""sentence-stimulus"">The blue whale is the second largest animal that has ever lived on earth.</p>
          </div>
        ","0","html-button-response","108","409888","0.0-36.1-0.1","6nhu1nbwba","","","","","","","F16F","The blue whale is the second largest animal that has ever lived on earth.","false","sentence_ready","","","","",""
"5597","
          <div class=""recording-instructions-box"">
            <h2>Recording in progress</h2>
            <p>Please read the sentence naturally, then click the button when you are done.</p>
            <p class=""sentence-stimulus"">The blue whale is the second largest animal that has ever lived on earth.</p>
          </div>
        ","null","html-audio-response","109","415563","0.0-36.1-1.1","6nhu1nbwba","","","","","18","","F16F","The blue whale is the second largest animal that has ever lived on earth.","false","sentence_recording","blob:https://charburnham.github.io/a64f08cc-e650-46d1-9c88-8614180681f7","2","6nhu1nbwba_F16F_audio.webm","",""
"608","
            <div class=""recording-instructions-box"">
              <h2>Review your recording</h2>
              <p>Listen to your recording for this sentence. If you want, you can record it again before moving on.</p>
              <p class=""sentence-stimulus"">The blue whale is the second largest animal that has ever lived on earth.</p>
              <audio controls src=""blob:https://charburnham.github.io/a64f08cc-e650-46d1-9c88-8614180681f7"" class=""playback-audio""></audio>
            </div>
          ","1","html-button-response","110","416174","0.0-36.1-2.1","6nhu1nbwba","","","","","","queued","F16F","The blue whale is the second largest animal that has ever lived on earth.","false","sentence_review","","2","6nhu1nbwba_F16F_audio.webm","accepted","6nhu1nbwba_F16F_audio.webm"
"1443","
          <div class=""recording-instructions-box"">
            <h2>Read the sentence aloud</h2>
            <p>Take a moment to get ready. When you are ready to begin, click the button below to start recording.</p>
            <p class=""sentence-stimulus"">The first VCR was made in 1969.</p>
          </div>
        ","0","html-button-response","111","417620","0.0-37.0-0.0","6nhu1nbwba","","","","","","","F14T","The first VCR was made in 1969.","true","sentence_ready","","","","",""
"4798","
          <div class=""recording-instructions-box"">
            <h2>Recording in progress</h2>
            <p>Please read the sentence naturally, then click the button when you are done.</p>
            <p class=""sentence-stimulus"">The first VCR was made in 1969.</p>
          </div>
        ","null","html-audio-response","112","422479","0.0-37.0-1.0","6nhu1nbwba","","","","","5","","F14T","The first VCR was made in 1969.","true","sentence_recording","blob:https://charburnham.github.io/e19367df-8e95-44f2-8e3d-cfb00e051b8f","1","6nhu1nbwba_F14T_audio.webm","",""
"862","
            <div class=""recording-instructions-box"">
              <h2>Review your recording</h2>
              <p>Listen to your recording for this sentence. If you want, you can record it again before moving on.</p>
              <p class=""sentence-stimulus"">The first VCR was made in 1969.</p>
              <audio controls src=""blob:https://charburnham.github.io/e19367df-8e95-44f2-8e3d-cfb00e051b8f"" class=""playback-audio""></audio>
            </div>
          ","1","html-button-response","113","423345","0.0-37.0-2.0","6nhu1nbwba","","","","","","queued","F14T","The first VCR was made in 1969.","true","sentence_review","","1","6nhu1nbwba_F14T_audio.webm","accepted","6nhu1nbwba_F14T_audio.webm"
"1189","
          <div class=""recording-instructions-box"">
            <h2>Read the sentence aloud</h2>
            <p>Take a moment to get ready. When you are ready to begin, click the button below to start recording.</p>
            <p class=""sentence-stimulus"">Dishwashers were invented before washing machines.</p>
          </div>
        ","0","html-button-response","114","424538","0.0-38.0-0.0","6nhu1nbwba","","","","","","","28T","Dishwashers were invented before washing machines.","true","sentence_ready","","","","",""
"948","
          <div class=""recording-instructions-box"">
            <h2>Recording in progress</h2>
            <p>Please read the sentence naturally, then click the button when you are done.</p>
            <p class=""sentence-stimulus"">Dishwashers were invented before washing machines.</p>
          </div>
        ","null","html-audio-response","115","425563","0.0-38.0-1.0","6nhu1nbwba","","","","","18","","28T","Dishwashers were invented before washing machines.","true","sentence_recording","blob:https://charburnham.github.io/e42d4c57-d2cd-4a54-a4ff-44605140987f","1","6nhu1nbwba_28T_audio.webm","",""
"617","
            <div class=""recording-instructions-box"">
              <h2>Review your recording</h2>
              <p>Listen to your recording for this sentence. If you want, you can record it again before moving on.</p>
              <p class=""sentence-stimulus"">Dishwashers were invented before washing machines.</p>
              <audio controls src=""blob:https://charburnham.github.io/e42d4c57-d2cd-4a54-a4ff-44605140987f"" class=""playback-audio""></audio>
            </div>
          ","0","html-button-response","116","426183","0.0-38.0-2.0","6nhu1nbwba","","","","","","not_uploaded_rerecorded","28T","Dishwashers were invented before washing machines.","true","sentence_review","","1","6nhu1nbwba_28T_audio.webm","rerecord","null"
"1076","
          <div class=""recording-instructions-box"">
            <h2>Read the sentence aloud</h2>
            <p>Take a moment to get ready. When you are ready to begin, click the button below to start recording.</p>
            <p class=""sentence-stimulus"">Dishwashers were invented before washing machines.</p>
          </div>
        ","0","html-button-response","117","427261","0.0-38.1-0.1","6nhu1nbwba","","","","","","","28T","Dishwashers were invented before washing machines.","true","sentence_ready","","","","",""
"4439","
          <div class=""recording-instructions-box"">
            <h2>Recording in progress</h2>
            <p>Please read the sentence naturally, then click the button when you are done.</p>
            <p class=""sentence-stimulus"">Dishwashers were invented before washing machines.</p>
          </div>
        ","null","html-audio-response","118","431779","0.0-38.1-1.1","6nhu1nbwba","","","","","15","","28T","Dishwashers were invented before washing machines.","true","sentence_recording","blob:https://charburnham.github.io/6bf2c9d2-3066-48af-b6b0-bbc488e2a259","2","6nhu1nbwba_28T_audio.webm","",""
"666","
            <div class=""recording-instructions-box"">
              <h2>Review your recording</h2>
              <p>Listen to your recording for this sentence. If you want, you can record it again before moving on.</p>
              <p class=""sentence-stimulus"">Dishwashers were invented before washing machines.</p>
              <audio controls src=""blob:https://charburnham.github.io/6bf2c9d2-3066-48af-b6b0-bbc488e2a259"" class=""playback-audio""></audio>
            </div>
          ","1","html-button-response","119","432447","0.0-38.1-2.1","6nhu1nbwba","","","","","","queued","28T","Dishwashers were invented before washing machines.","true","sentence_review","","2","6nhu1nbwba_28T_audio.webm","accepted","6nhu1nbwba_28T_audio.webm"
"1099","
          <div class=""recording-instructions-box"">
            <h2>Read the sentence aloud</h2>
            <p>Take a moment to get ready. When you are ready to begin, click the button below to start recording.</p>
            <p class=""sentence-stimulus"">Gerald Ford was the first U.S. president born in a hospital.</p>
          </div>
        ","0","html-button-response","120","433550","0.0-39.0-0.0","6nhu1nbwba","","","","","","","39F","Gerald Ford was the first U.S. president born in a hospital.","false","sentence_ready","","","","",""
"4339","
          <div class=""recording-instructions-box"">
            <h2>Recording in progress</h2>
            <p>Please read the sentence naturally, then click the button when you are done.</p>
            <p class=""sentence-stimulus"">Gerald Ford was the first U.S. president born in a hospital.</p>
          </div>
        ","null","html-audio-response","121","437962","0.0-39.0-1.0","6nhu1nbwba","","","","","8","","39F","Gerald Ford was the first U.S. president born in a hospital.","false","sentence_recording","blob:https://charburnham.github.io/f3513b7a-6e4e-4e08-b5b4-92576187465b","1","6nhu1nbwba_39F_audio.webm","",""
"535","
            <div class=""recording-instructions-box"">
              <h2>Review your recording</h2>
              <p>Listen to your recording for this sentence. If you want, you can record it again before moving on.</p>
              <p class=""sentence-stimulus"">Gerald Ford was the first U.S. president born in a hospital.</p>
              <audio controls src=""blob:https://charburnham.github.io/f3513b7a-6e4e-4e08-b5b4-92576187465b"" class=""playback-audio""></audio>
            </div>
          ","1","html-button-response","122","438500","0.0-39.0-2.0","6nhu1nbwba","","","","","","queued","39F","Gerald Ford was the first U.S. president born in a hospital.","false","sentence_review","","1","6nhu1nbwba_39F_audio.webm","accepted","6nhu1nbwba_39F_audio.webm"
"1615","
          <div class=""recording-instructions-box"">
            <h2>Read the sentence aloud</h2>
            <p>Take a moment to get ready. When you are ready to begin, click the button below to start recording.</p>
            <p class=""sentence-stimulus"">Jimmy Carter was the first U.S. president born in a hospital.</p>
          </div>
        ","0","html-button-response","123","440119","0.0-40.0-0.0","6nhu1nbwba","","","","","","","39T","Jimmy Carter was the first U.S. president born in a hospital.","true","sentence_ready","","","","",""
"4781","
          <div class=""recording-instructions-box"">
            <h2>Recording in progress</h2>
            <p>Please read the sentence naturally, then click the button when you are done.</p>
            <p class=""sentence-stimulus"">Jimmy Carter was the first U.S. president born in a hospital.</p>
          </div>
        ","null","html-audio-response","124","444963","0.0-40.0-1.0","6nhu1nbwba","","","","","5","","39T","Jimmy Carter was the first U.S. president born in a hospital.","true","sentence_recording","blob:https://charburnham.github.io/94dd516a-036c-40ae-bf2a-5f593dd910c3","1","6nhu1nbwba_39T_audio.webm","",""
"673","
            <div class=""recording-instructions-box"">
              <h2>Review your recording</h2>
              <p>Listen to your recording for this sentence. If you want, you can record it again before moving on.</p>
              <p class=""sentence-stimulus"">Jimmy Carter was the first U.S. president born in a hospital.</p>
              <audio controls src=""blob:https://charburnham.github.io/94dd516a-036c-40ae-bf2a-5f593dd910c3"" class=""playback-audio""></audio>
            </div>
          ","1","html-button-response","125","445639","0.0-40.0-2.0","6nhu1nbwba","","","","","","queued","39T","Jimmy Carter was the first U.S. president born in a hospital.","true","sentence_review","","1","6nhu1nbwba_39T_audio.webm","accepted","6nhu1nbwba_39T_audio.webm"
"1983","
          <div class=""recording-instructions-box"">
            <h2>Read the sentence aloud</h2>
            <p>Take a moment to get ready. When you are ready to begin, click the button below to start recording.</p>
            <p class=""sentence-stimulus"">Delaware never ratified the 18th Amendment.</p>
          </div>
        ","0","html-button-response","126","447626","0.0-41.0-0.0","6nhu1nbwba","","","","","","","30F","Delaware never ratified the 18th Amendment.","false","sentence_ready","","","","",""
"4213","
          <div class=""recording-instructions-box"">
            <h2>Recording in progress</h2>
            <p>Please read the sentence naturally, then click the button when you are done.</p>
            <p class=""sentence-stimulus"">Delaware never ratified the 18th Amendment.</p>
          </div>
        ","null","html-audio-response","127","451912","0.0-41.0-1.0","6nhu1nbwba","","","","","11","","30F","Delaware never ratified the 18th Amendment.","false","sentence_recording","blob:https://charburnham.github.io/9fba7493-5612-49a2-8688-2a3d29958bc7","1","6nhu1nbwba_30F_audio.webm","",""
"633","
            <div class=""recording-instructions-box"">
              <h2>Review your recording</h2>
              <p>Listen to your recording for this sentence. If you want, you can record it again before moving on.</p>
              <p class=""sentence-stimulus"">Delaware never ratified the 18th Amendment.</p>
              <audio controls src=""blob:https://charburnham.github.io/9fba7493-5612-49a2-8688-2a3d29958bc7"" class=""playback-audio""></audio>
            </div>
          ","1","html-button-response","128","452548","0.0-41.0-2.0","6nhu1nbwba","","","","","","queued","30F","Delaware never ratified the 18th Amendment.","false","sentence_review","","1","6nhu1nbwba_30F_audio.webm","accepted","6nhu1nbwba_30F_audio.webm"
"1157","
          <div class=""recording-instructions-box"">
            <h2>Read the sentence aloud</h2>
            <p>Take a moment to get ready. When you are ready to begin, click the button below to start recording.</p>
            <p class=""sentence-stimulus"">Three U.S. presidents have been awarded honorary knighthood.</p>
          </div>
        ","0","html-button-response","129","453708","0.0-42.0-0.0","6nhu1nbwba","","","","","","","41T","Three U.S. presidents have been awarded honorary knighthood.","true","sentence_ready","","","","",""
"4543","
          <div class=""recording-instructions-box"">
            <h2>Recording in progress</h2>
            <p>Please read the sentence naturally, then click the button when you are done.</p>
            <p class=""sentence-stimulus"">Three U.S. presidents have been awarded honorary knighthood.</p>
          </div>
        ","null","html-audio-response","130","458330","0.0-42.0-1.0","6nhu1nbwba","","","","","15","","41T","Three U.S. presidents have been awarded honorary knighthood.","true","sentence_recording","blob:https://charburnham.github.io/4361c974-85b1-4f1e-96d7-e2a3c679708c","1","6nhu1nbwba_41T_audio.webm","",""
"955","
            <div class=""recording-instructions-box"">
              <h2>Review your recording</h2>
              <p>Listen to your recording for this sentence. If you want, you can record it again before moving on.</p>
              <p class=""sentence-stimulus"">Three U.S. presidents have been awarded honorary knighthood.</p>
              <audio controls src=""blob:https://charburnham.github.io/4361c974-85b1-4f1e-96d7-e2a3c679708c"" class=""playback-audio""></audio>
            </div>
          ","1","html-button-response","131","459287","0.0-42.0-2.0","6nhu1nbwba","","","","","","queued","41T","Three U.S. presidents have been awarded honorary knighthood.","true","sentence_review","","1","6nhu1nbwba_41T_audio.webm","accepted","6nhu1nbwba_41T_audio.webm"
"1092","
          <div class=""recording-instructions-box"">
            <h2>Read the sentence aloud</h2>
            <p>Take a moment to get ready. When you are ready to begin, click the button below to start recording.</p>
            <p class=""sentence-stimulus"">Mississippi's state birthday is on Valentine's Day.</p>
          </div>
        ","0","html-button-response","132","460383","0.0-43.0-0.0","6nhu1nbwba","","","","","","","31F","Mississippi's state birthday is on Valentine's Day.","false","sentence_ready","","","","",""
"4222","
          <div class=""recording-instructions-box"">
            <h2>Recording in progress</h2>
            <p>Please read the sentence naturally, then click the button when you are done.</p>
            <p class=""sentence-stimulus"">Mississippi's state birthday is on Valentine's Day.</p>
          </div>
        ","null","html-audio-response","133","464679","0.0-43.0-1.0","6nhu1nbwba","","","","","3","","31F","Mississippi's state birthday is on Valentine's Day.","false","sentence_recording","blob:https://charburnham.github.io/a2a516e4-3b98-417d-9f93-52322d3b1a2f","1","6nhu1nbwba_31F_audio.webm","",""
"772","
            <div class=""recording-instructions-box"">
              <h2>Review your recording</h2>
              <p>Listen to your recording for this sentence. If you want, you can record it again before moving on.</p>
              <p class=""sentence-stimulus"">Mississippi's state birthday is on Valentine's Day.</p>
              <audio controls src=""blob:https://charburnham.github.io/a2a516e4-3b98-417d-9f93-52322d3b1a2f"" class=""playback-audio""></audio>
            </div>
          ","1","html-button-response","134","465454","0.0-43.0-2.0","6nhu1nbwba","","","","","","queued","31F","Mississippi's state birthday is on Valentine's Day.","false","sentence_review","","1","6nhu1nbwba_31F_audio.webm","accepted","6nhu1nbwba_31F_audio.webm"
"1190","
          <div class=""recording-instructions-box"">
            <h2>Read the sentence aloud</h2>
            <p>Take a moment to get ready. When you are ready to begin, click the button below to start recording.</p>
            <p class=""sentence-stimulus"">The U.S. was the first country to use a submarine in warfare.</p>
          </div>
        ","0","html-button-response","135","466648","0.0-44.0-0.0","6nhu1nbwba","","","","","","","49T","The U.S. was the first country to use a submarine in warfare.","true","sentence_ready","","","","",""
"3810","
          <div class=""recording-instructions-box"">
            <h2>Recording in progress</h2>
            <p>Please read the sentence naturally, then click the button when you are done.</p>
            <p class=""sentence-stimulus"">The U.S. was the first country to use a submarine in warfare.</p>
          </div>
        ","null","html-audio-response","136","470530","0.0-44.0-1.0","6nhu1nbwba","","","","","9","","49T","The U.S. was the first country to use a submarine in warfare.","true","sentence_recording","blob:https://charburnham.github.io/5d3ee28f-153f-4568-a295-69dc95e27c75","1","6nhu1nbwba_49T_audio.webm","",""
"1185","
            <div class=""recording-instructions-box"">
              <h2>Review your recording</h2>
              <p>Listen to your recording for this sentence. If you want, you can record it again before moving on.</p>
              <p class=""sentence-stimulus"">The U.S. was the first country to use a submarine in warfare.</p>
              <audio controls src=""blob:https://charburnham.github.io/5d3ee28f-153f-4568-a295-69dc95e27c75"" class=""playback-audio""></audio>
            </div>
          ","0","html-button-response","137","471718","0.0-44.0-2.0","6nhu1nbwba","","","","","","not_uploaded_rerecorded","49T","The U.S. was the first country to use a submarine in warfare.","true","sentence_review","","1","6nhu1nbwba_49T_audio.webm","rerecord","null"
"2000","
          <div class=""recording-instructions-box"">
            <h2>Read the sentence aloud</h2>
            <p>Take a moment to get ready. When you are ready to begin, click the button below to start recording.</p>
            <p class=""sentence-stimulus"">The U.S. was the first country to use a submarine in warfare.</p>
          </div>
        ","0","html-button-response","138","473720","0.0-44.1-0.1","6nhu1nbwba","","","","","","","49T","The U.S. was the first country to use a submarine in warfare.","true","sentence_ready","","","","",""
"5232","
          <div class=""recording-instructions-box"">
            <h2>Recording in progress</h2>
            <p>Please read the sentence naturally, then click the button when you are done.</p>
            <p class=""sentence-stimulus"">The U.S. was the first country to use a submarine in warfare.</p>
          </div>
        ","null","html-audio-response","139","479014","0.0-44.1-1.1","6nhu1nbwba","","","","","6","","49T","The U.S. was the first country to use a submarine in warfare.","true","sentence_recording","blob:https://charburnham.github.io/362a39c0-21e5-45d3-9c6e-07c03cd1c3b6","2","6nhu1nbwba_49T_audio.webm","",""
"829","
            <div class=""recording-instructions-box"">
              <h2>Review your recording</h2>
              <p>Listen to your recording for this sentence. If you want, you can record it again before moving on.</p>
              <p class=""sentence-stimulus"">The U.S. was the first country to use a submarine in warfare.</p>
              <audio controls src=""blob:https://charburnham.github.io/362a39c0-21e5-45d3-9c6e-07c03cd1c3b6"" class=""playback-audio""></audio>
            </div>
          ","1","html-button-response","140","479846","0.0-44.1-2.1","6nhu1nbwba","","","","","","queued","49T","The U.S. was the first country to use a submarine in warfare.","true","sentence_review","","2","6nhu1nbwba_49T_audio.webm","accepted","6nhu1nbwba_49T_audio.webm"
"1231","
          <div class=""recording-instructions-box"">
            <h2>Read the sentence aloud</h2>
            <p>Take a moment to get ready. When you are ready to begin, click the button below to start recording.</p>
            <p class=""sentence-stimulus"">In the late 1800s, the United States Mint issued 2-cent and 3-cent coins.</p>
          </div>
        ","0","html-button-response","141","481080","0.0-45.0-0.0","6nhu1nbwba","","","","","","","11T","In the late 1800s, the United States Mint issued 2-cent and 3-cent coins.","true","sentence_ready","","","","",""
"7109","
          <div class=""recording-instructions-box"">
            <h2>Recording in progress</h2>
            <p>Please read the sentence naturally, then click the button when you are done.</p>
            <p class=""sentence-stimulus"">In the late 1800s, the United States Mint issued 2-cent and 3-cent coins.</p>
          </div>
        ","null","html-audio-response","142","488263","0.0-45.0-1.0","6nhu1nbwba","","","","","12","","11T","In the late 1800s, the United States Mint issued 2-cent and 3-cent coins.","true","sentence_recording","blob:https://charburnham.github.io/c11134d2-0e46-4f57-b09e-8a735b51029d","1","6nhu1nbwba_11T_audio.webm","",""
"4217","
            <div class=""recording-instructions-box"">
              <h2>Review your recording</h2>
              <p>Listen to your recording for this sentence. If you want, you can record it again before moving on.</p>
              <p class=""sentence-stimulus"">In the late 1800s, the United States Mint issued 2-cent and 3-cent coins.</p>
              <audio controls src=""blob:https://charburnham.github.io/c11134d2-0e46-4f57-b09e-8a735b51029d"" class=""playback-audio""></audio>
            </div>
          ","1","html-button-response","143","492483","0.0-45.0-2.0","6nhu1nbwba","","","","","","queued","11T","In the late 1800s, the United States Mint issued 2-cent and 3-cent coins.","true","sentence_review","","1","6nhu1nbwba_11T_audio.webm","accepted","6nhu1nbwba_11T_audio.webm"
"2367","
          <div class=""recording-instructions-box"">
            <h2>Read the sentence aloud</h2>
            <p>Take a moment to get ready. When you are ready to begin, click the button below to start recording.</p>
            <p class=""sentence-stimulus"">Before mercury, brandy was used to fill thermometers.</p>
          </div>
        ","0","html-button-response","144","494855","0.0-46.0-0.0","6nhu1nbwba","","","","","","","F6T","Before mercury, brandy was used to fill thermometers.","true","sentence_ready","","","","",""
"3817","
          <div class=""recording-instructions-box"">
            <h2>Recording in progress</h2>
            <p>Please read the sentence naturally, then click the button when you are done.</p>
            <p class=""sentence-stimulus"">Before mercury, brandy was used to fill thermometers.</p>
          </div>
        ","null","html-audio-response","145","498762","0.0-46.0-1.0","6nhu1nbwba","","","","","16","","F6T","Before mercury, brandy was used to fill thermometers.","true","sentence_recording","blob:https://charburnham.github.io/c83ebd9e-1045-430c-b62c-21d16f60db05","1","6nhu1nbwba_F6T_audio.webm","",""
"3015","
            <div class=""recording-instructions-box"">
              <h2>Review your recording</h2>
              <p>Listen to your recording for this sentence. If you want, you can record it again before moving on.</p>
              <p class=""sentence-stimulus"">Before mercury, brandy was used to fill thermometers.</p>
              <audio controls src=""blob:https://charburnham.github.io/c83ebd9e-1045-430c-b62c-21d16f60db05"" class=""playback-audio""></audio>
            </div>
          ","0","html-button-response","146","501781","0.0-46.0-2.0","6nhu1nbwba","","","","","","not_uploaded_rerecorded","F6T","Before mercury, brandy was used to fill thermometers.","true","sentence_review","","1","6nhu1nbwba_F6T_audio.webm","rerecord","null"
"1412","
          <div class=""recording-instructions-box"">
            <h2>Read the sentence aloud</h2>
            <p>Take a moment to get ready. When you are ready to begin, click the button below to start recording.</p>
            <p class=""sentence-stimulus"">Before mercury, brandy was used to fill thermometers.</p>
          </div>
        ","0","html-button-response","147","503196","0.0-46.1-0.1","6nhu1nbwba","","","","","","","F6T","Before mercury, brandy was used to fill thermometers.","true","sentence_ready","","","","",""
"3986","
          <div class=""recording-instructions-box"">
            <h2>Recording in progress</h2>
            <p>Please read the sentence naturally, then click the button when you are done.</p>
            <p class=""sentence-stimulus"">Before mercury, brandy was used to fill thermometers.</p>
          </div>
        ","null","html-audio-response","148","507262","0.0-46.1-1.1","6nhu1nbwba","","","","","9","","F6T","Before mercury, brandy was used to fill thermometers.","true","sentence_recording","blob:https://charburnham.github.io/40ce563d-7e9a-4517-bb2d-31a3b7f68918","2","6nhu1nbwba_F6T_audio.webm","",""
"4862","
            <div class=""recording-instructions-box"">
              <h2>Review your recording</h2>
              <p>Listen to your recording for this sentence. If you want, you can record it again before moving on.</p>
              <p class=""sentence-stimulus"">Before mercury, brandy was used to fill thermometers.</p>
              <audio controls src=""blob:https://charburnham.github.io/40ce563d-7e9a-4517-bb2d-31a3b7f68918"" class=""playback-audio""></audio>
            </div>
          ","1","html-button-response","149","512126","0.0-46.1-2.1","6nhu1nbwba","","","","","","queued","F6T","Before mercury, brandy was used to fill thermometers.","true","sentence_review","","2","6nhu1nbwba_F6T_audio.webm","accepted","6nhu1nbwba_F6T_audio.webm"
"887","
          <div class=""recording-instructions-box"">
            <h2>Read the sentence aloud</h2>
            <p>Take a moment to get ready. When you are ready to begin, click the button below to start recording.</p>
            <p class=""sentence-stimulus"">A female kangaroo is called a boomer.</p>
          </div>
        ","0","html-button-response","150","513017","0.0-47.0-0.0","6nhu1nbwba","","","","","","","16F","A female kangaroo is called a boomer.","false","sentence_ready","","","","",""
"3919","
          <div class=""recording-instructions-box"">
            <h2>Recording in progress</h2>
            <p>Please read the sentence naturally, then click the button when you are done.</p>
            <p class=""sentence-stimulus"">A female kangaroo is called a boomer.</p>
          </div>
        ","null","html-audio-response","151","517013","0.0-47.0-1.0","6nhu1nbwba","","","","","6","","16F","A female kangaroo is called a boomer.","false","sentence_recording","blob:https://charburnham.github.io/618965ee-f9fa-4d7a-a033-432ae72f4297","1","6nhu1nbwba_16F_audio.webm","",""
"802","
            <div class=""recording-instructions-box"">
              <h2>Review your recording</h2>
              <p>Listen to your recording for this sentence. If you want, you can record it again before moving on.</p>
              <p class=""sentence-stimulus"">A female kangaroo is called a boomer.</p>
              <audio controls src=""blob:https://charburnham.github.io/618965ee-f9fa-4d7a-a033-432ae72f4297"" class=""playback-audio""></audio>
            </div>
          ","1","html-button-response","152","517818","0.0-47.0-2.0","6nhu1nbwba","","","","","","queued","16F","A female kangaroo is called a boomer.","false","sentence_review","","1","6nhu1nbwba_16F_audio.webm","accepted","6nhu1nbwba_16F_audio.webm"
"1043","
          <div class=""recording-instructions-box"">
            <h2>Read the sentence aloud</h2>
            <p>Take a moment to get ready. When you are ready to begin, click the button below to start recording.</p>
            <p class=""sentence-stimulus"">A shrimp's heart is located in its head.</p>
          </div>
        ","0","html-button-response","153","518864","0.0-48.0-0.0","6nhu1nbwba","","","","","","","51T","A shrimp's heart is located in its head.","true","sentence_ready","","","","",""
"3475","
          <div class=""recording-instructions-box"">
            <h2>Recording in progress</h2>
            <p>Please read the sentence naturally, then click the button when you are done.</p>
            <p class=""sentence-stimulus"">A shrimp's heart is located in its head.</p>
          </div>
        ","null","html-audio-response","154","522413","0.0-48.0-1.0","6nhu1nbwba","","","","","6","","51T","A shrimp's heart is located in its head.","true","sentence_recording","blob:https://charburnham.github.io/dd2625a0-cdda-4ffb-9461-7cd8ace9d53e","1","6nhu1nbwba_51T_audio.webm","",""
"4700","
            <div class=""recording-instructions-box"">
              <h2>Review your recording</h2>
              <p>Listen to your recording for this sentence. If you want, you can record it again before moving on.</p>
              <p class=""sentence-stimulus"">A shrimp's heart is located in its head.</p>
              <audio controls src=""blob:https://charburnham.github.io/dd2625a0-cdda-4ffb-9461-7cd8ace9d53e"" class=""playback-audio""></audio>
            </div>
          ","1","html-button-response","155","527115","0.0-48.0-2.0","6nhu1nbwba","","","","","","queued","51T","A shrimp's heart is located in its head.","true","sentence_review","","1","6nhu1nbwba_51T_audio.webm","accepted","6nhu1nbwba_51T_audio.webm"
"936","
          <div class=""recording-instructions-box"">
            <h2>Read the sentence aloud</h2>
            <p>Take a moment to get ready. When you are ready to begin, click the button below to start recording.</p>
            <p class=""sentence-stimulus"">Men blink more frequently than do women.</p>
          </div>
        ","0","html-button-response","156","528055","0.0-49.0-0.0","6nhu1nbwba","","","","","","","F19F","Men blink more frequently than do women.","false","sentence_ready","","","","",""
"4561","
          <div class=""recording-instructions-box"">
            <h2>Recording in progress</h2>
            <p>Please read the sentence naturally, then click the button when you are done.</p>
            <p class=""sentence-stimulus"">Men blink more frequently than do women.</p>
          </div>
        ","null","html-audio-response","157","532696","0.0-49.0-1.0","6nhu1nbwba","","","","","15","","F19F","Men blink more frequently than do women.","false","sentence_recording","blob:https://charburnham.github.io/5c81d454-900e-43d7-9691-c02c0e62d1a5","1","6nhu1nbwba_F19F_audio.webm","",""
"745","
            <div class=""recording-instructions-box"">
              <h2>Review your recording</h2>
              <p>Listen to your recording for this sentence. If you want, you can record it again before moving on.</p>
              <p class=""sentence-stimulus"">Men blink more frequently than do women.</p>
              <audio controls src=""blob:https://charburnham.github.io/5c81d454-900e-43d7-9691-c02c0e62d1a5"" class=""playback-audio""></audio>
            </div>
          ","0","html-button-response","158","533444","0.0-49.0-2.0","6nhu1nbwba","","","","","","not_uploaded_rerecorded","F19F","Men blink more frequently than do women.","false","sentence_review","","1","6nhu1nbwba_F19F_audio.webm","rerecord","null"
"1216","
          <div class=""recording-instructions-box"">
            <h2>Read the sentence aloud</h2>
            <p>Take a moment to get ready. When you are ready to begin, click the button below to start recording.</p>
            <p class=""sentence-stimulus"">Men blink more frequently than do women.</p>
          </div>
        ","0","html-button-response","159","534663","0.0-49.1-0.1","6nhu1nbwba","","","","","","","F19F","Men blink more frequently than do women.","false","sentence_ready","","","","",""
"4103","
          <div class=""recording-instructions-box"">
            <h2>Recording in progress</h2>
            <p>Please read the sentence naturally, then click the button when you are done.</p>
            <p class=""sentence-stimulus"">Men blink more frequently than do women.</p>
          </div>
        ","null","html-audio-response","160","538847","0.0-49.1-1.1","6nhu1nbwba","","","","","6","","F19F","Men blink more frequently than do women.","false","sentence_recording","blob:https://charburnham.github.io/5657bcf7-b0c4-4feb-b016-0d4693e72434","2","6nhu1nbwba_F19F_audio.webm","",""
"3583","
            <div class=""recording-instructions-box"">
              <h2>Review your recording</h2>
              <p>Listen to your recording for this sentence. If you want, you can record it again before moving on.</p>
              <p class=""sentence-stimulus"">Men blink more frequently than do women.</p>
              <audio controls src=""blob:https://charburnham.github.io/5657bcf7-b0c4-4feb-b016-0d4693e72434"" class=""playback-audio""></audio>
            </div>
          ","0","html-button-response","161","542432","0.0-49.1-2.1","6nhu1nbwba","","","","","","not_uploaded_rerecorded","F19F","Men blink more frequently than do women.","false","sentence_review","","2","6nhu1nbwba_F19F_audio.webm","rerecord","null"
"922","
          <div class=""recording-instructions-box"">
            <h2>Read the sentence aloud</h2>
            <p>Take a moment to get ready. When you are ready to begin, click the button below to start recording.</p>
            <p class=""sentence-stimulus"">Men blink more frequently than do women.</p>
          </div>
        ","0","html-button-response","162","543356","0.0-49.2-0.2","6nhu1nbwba","","","","","","","F19F","Men blink more frequently than do women.","false","sentence_ready","","","","",""
"3671","
          <div class=""recording-instructions-box"">
            <h2>Recording in progress</h2>
            <p>Please read the sentence naturally, then click the button when you are done.</p>
            <p class=""sentence-stimulus"">Men blink more frequently than do women.</p>
          </div>
        ","null","html-audio-response","163","547113","0.0-49.2-1.2","6nhu1nbwba","","","","","15","","F19F","Men blink more frequently than do women.","false","sentence_recording","blob:https://charburnham.github.io/66c32506-73cf-40a1-9b20-4176e0956b4c","3","6nhu1nbwba_F19F_audio.webm","",""
"624","
            <div class=""recording-instructions-box"">
              <h2>Review your recording</h2>
              <p>Listen to your recording for this sentence. If you want, you can record it again before moving on.</p>
              <p class=""sentence-stimulus"">Men blink more frequently than do women.</p>
              <audio controls src=""blob:https://charburnham.github.io/66c32506-73cf-40a1-9b20-4176e0956b4c"" class=""playback-audio""></audio>
            </div>
          ","1","html-button-response","164","547740","0.0-49.2-2.2","6nhu1nbwba","","","","","","queued","F19F","Men blink more frequently than do women.","false","sentence_review","","3","6nhu1nbwba_F19F_audio.webm","accepted","6nhu1nbwba_F19F_audio.webm"
"806","
          <div class=""recording-instructions-box"">
            <h2>Read the sentence aloud</h2>
            <p>Take a moment to get ready. When you are ready to begin, click the button below to start recording.</p>
            <p class=""sentence-stimulus"">A crocodile cannot stick out its tongue.</p>
          </div>
        ","0","html-button-response","165","548549","0.0-50.0-0.0","6nhu1nbwba","","","","","","","F4F","A crocodile cannot stick out its tongue.","false","sentence_ready","","","","",""
"3590","
          <div class=""recording-instructions-box"">
            <h2>Recording in progress</h2>
            <p>Please read the sentence naturally, then click the button when you are done.</p>
            <p class=""sentence-stimulus"">A crocodile cannot stick out its tongue.</p>
          </div>
        ","null","html-audio-response","166","552214","0.0-50.0-1.0","6nhu1nbwba","","","","","9","","F4F","A crocodile cannot stick out its tongue.","false","sentence_recording","blob:https://charburnham.github.io/27ef890f-470d-4b10-a9f3-1be723c3d332","1","6nhu1nbwba_F4F_audio.webm","",""
"781","
            <div class=""recording-instructions-box"">
              <h2>Review your recording</h2>
              <p>Listen to your recording for this sentence. If you want, you can record it again before moving on.</p>
              <p class=""sentence-stimulus"">A crocodile cannot stick out its tongue.</p>
              <audio controls src=""blob:https://charburnham.github.io/27ef890f-470d-4b10-a9f3-1be723c3d332"" class=""playback-audio""></audio>
            </div>
          ","1","html-button-response","167","552998","0.0-50.0-2.0","6nhu1nbwba","","","","","","queued","F4F","A crocodile cannot stick out its tongue.","false","sentence_review","","1","6nhu1nbwba_F4F_audio.webm","accepted","6nhu1nbwba_F4F_audio.webm"
"961","
          <div class=""recording-instructions-box"">
            <h2>Read the sentence aloud</h2>
            <p>Take a moment to get ready. When you are ready to begin, click the button below to start recording.</p>
            <p class=""sentence-stimulus"">Oregon's state birthday is on Valentine's Day.</p>
          </div>
        ","0","html-button-response","168","553963","0.0-51.0-0.0","6nhu1nbwba","","","","","","","31T","Oregon's state birthday is on Valentine's Day.","true","sentence_ready","","","","",""
"3669","
          <div class=""recording-instructions-box"">
            <h2>Recording in progress</h2>
            <p>Please read the sentence naturally, then click the button when you are done.</p>
            <p class=""sentence-stimulus"">Oregon's state birthday is on Valentine's Day.</p>
          </div>
        ","null","html-audio-response","169","557714","0.0-51.0-1.0","6nhu1nbwba","","","","","6","","31T","Oregon's state birthday is on Valentine's Day.","true","sentence_recording","blob:https://charburnham.github.io/0e75c20c-98c6-4be9-b23c-df7da129b78c","1","6nhu1nbwba_31T_audio.webm","",""
"687","
            <div class=""recording-instructions-box"">
              <h2>Review your recording</h2>
              <p>Listen to your recording for this sentence. If you want, you can record it again before moving on.</p>
              <p class=""sentence-stimulus"">Oregon's state birthday is on Valentine's Day.</p>
              <audio controls src=""blob:https://charburnham.github.io/0e75c20c-98c6-4be9-b23c-df7da129b78c"" class=""playback-audio""></audio>
            </div>
          ","1","html-button-response","170","558404","0.0-51.0-2.0","6nhu1nbwba","","","","","","queued","31T","Oregon's state birthday is on Valentine's Day.","true","sentence_review","","1","6nhu1nbwba_31T_audio.webm","accepted","6nhu1nbwba_31T_audio.webm"
"1067","
          <div class=""recording-instructions-box"">
            <h2>Read the sentence aloud</h2>
            <p>Take a moment to get ready. When you are ready to begin, click the button below to start recording.</p>
            <p class=""sentence-stimulus"">Owls can see the color blue.</p>
          </div>
        ","0","html-button-response","171","559475","0.0-52.0-0.0","6nhu1nbwba","","","","","","","F13T","Owls can see the color blue.","true","sentence_ready","","","","",""
"3256","
          <div class=""recording-instructions-box"">
            <h2>Recording in progress</h2>
            <p>Please read the sentence naturally, then click the button when you are done.</p>
            <p class=""sentence-stimulus"">Owls can see the color blue.</p>
          </div>
        ","null","html-audio-response","172","562813","0.0-52.0-1.0","6nhu1nbwba","","","","","13","","F13T","Owls can see the color blue.","true","sentence_recording","blob:https://charburnham.github.io/9a3181bd-c9ed-4db0-b2d1-065ef0adf6e7","1","6nhu1nbwba_F13T_audio.webm","",""
"665","
            <div class=""recording-instructions-box"">
              <h2>Review your recording</h2>
              <p>Listen to your recording for this sentence. If you want, you can record it again before moving on.</p>
              <p class=""sentence-stimulus"">Owls can see the color blue.</p>
              <audio controls src=""blob:https://charburnham.github.io/9a3181bd-c9ed-4db0-b2d1-065ef0adf6e7"" class=""playback-audio""></audio>
            </div>
          ","1","html-button-response","173","563482","0.0-52.0-2.0","6nhu1nbwba","","","","","","queued","F13T","Owls can see the color blue.","true","sentence_review","","1","6nhu1nbwba_F13T_audio.webm","accepted","6nhu1nbwba_F13T_audio.webm"
"1060","
          <div class=""recording-instructions-box"">
            <h2>Read the sentence aloud</h2>
            <p>Take a moment to get ready. When you are ready to begin, click the button below to start recording.</p>
            <p class=""sentence-stimulus"">If you keep a goldfish in a dark room, it will eventually turn black.</p>
          </div>
        ","0","html-button-response","174","564545","0.0-53.0-0.0","6nhu1nbwba","","","","","","","13F","If you keep a goldfish in a dark room, it will eventually turn black.","false","sentence_ready","","","","",""
"5082","
          <div class=""recording-instructions-box"">
            <h2>Recording in progress</h2>
            <p>Please read the sentence naturally, then click the button when you are done.</p>
            <p class=""sentence-stimulus"">If you keep a goldfish in a dark room, it will eventually turn black.</p>
          </div>
        ","null","html-audio-response","175","569712","0.0-53.0-1.0","6nhu1nbwba","","","","","9","","13F","If you keep a goldfish in a dark room, it will eventually turn black.","false","sentence_recording","blob:https://charburnham.github.io/499aa85a-b272-4f6e-ad37-547a232ab859","1","6nhu1nbwba_13F_audio.webm","",""
"695","
            <div class=""recording-instructions-box"">
              <h2>Review your recording</h2>
              <p>Listen to your recording for this sentence. If you want, you can record it again before moving on.</p>
              <p class=""sentence-stimulus"">If you keep a goldfish in a dark room, it will eventually turn black.</p>
              <audio controls src=""blob:https://charburnham.github.io/499aa85a-b272-4f6e-ad37-547a232ab859"" class=""playback-audio""></audio>
            </div>
          ","1","html-button-response","176","570409","0.0-53.0-2.0","6nhu1nbwba","","","","","","queued","13F","If you keep a goldfish in a dark room, it will eventually turn black.","false","sentence_review","","1","6nhu1nbwba_13F_audio.webm","accepted","6nhu1nbwba_13F_audio.webm"
"1435","
          <div class=""recording-instructions-box"">
            <h2>Read the sentence aloud</h2>
            <p>Take a moment to get ready. When you are ready to begin, click the button below to start recording.</p>
            <p class=""sentence-stimulus"">An ostrich's eye is half the size of its brain.</p>
          </div>
        ","0","html-button-response","177","571848","0.0-54.0-0.0","6nhu1nbwba","","","","","","","38F","An ostrich's eye is half the size of its brain.","false","sentence_ready","","","","",""
"3859","
          <div class=""recording-instructions-box"">
            <h2>Recording in progress</h2>
            <p>Please read the sentence naturally, then click the button when you are done.</p>
            <p class=""sentence-stimulus"">An ostrich's eye is half the size of its brain.</p>
          </div>
        ","null","html-audio-response","178","575780","0.0-54.0-1.0","6nhu1nbwba","","","","","9","","38F","An ostrich's eye is half the size of its brain.","false","sentence_recording","blob:https://charburnham.github.io/eb700f60-ae88-4573-a431-64b7712ce698","1","6nhu1nbwba_38F_audio.webm","",""
"6280","
            <div class=""recording-instructions-box"">
              <h2>Review your recording</h2>
              <p>Listen to your recording for this sentence. If you want, you can record it again before moving on.</p>
              <p class=""sentence-stimulus"">An ostrich's eye is half the size of its brain.</p>
              <audio controls src=""blob:https://charburnham.github.io/eb700f60-ae88-4573-a431-64b7712ce698"" class=""playback-audio""></audio>
            </div>
          ","1","html-button-response","179","582063","0.0-54.0-2.0","6nhu1nbwba","","","","","","queued","38F","An ostrich's eye is half the size of its brain.","false","sentence_review","","1","6nhu1nbwba_38F_audio.webm","accepted","6nhu1nbwba_38F_audio.webm"
"1132","
          <div class=""recording-instructions-box"">
            <h2>Read the sentence aloud</h2>
            <p>Take a moment to get ready. When you are ready to begin, click the button below to start recording.</p>
            <p class=""sentence-stimulus"">The state of Arizona does not observe daylight savings time.</p>
          </div>
        ","0","html-button-response","180","583198","0.0-55.0-0.0","6nhu1nbwba","","","","","","","F8T","The state of Arizona does not observe daylight savings time.","true","sentence_ready","","","","",""
"4947","
          <div class=""recording-instructions-box"">
            <h2>Recording in progress</h2>
            <p>Please read the sentence naturally, then click the button when you are done.</p>
            <p class=""sentence-stimulus"">The state of Arizona does not observe daylight savings time.</p>
          </div>
        ","null","html-audio-response","181","588214","0.0-55.0-1.0","6nhu1nbwba","","","","","10","","F8T","The state of Arizona does not observe daylight savings time.","true","sentence_recording","blob:https://charburnham.github.io/2b933eab-ae71-4f74-9723-02fb9ded5310","1","6nhu1nbwba_F8T_audio.webm","",""
"615","
            <div class=""recording-instructions-box"">
              <h2>Review your recording</h2>
              <p>Listen to your recording for this sentence. If you want, you can record it again before moving on.</p>
              <p class=""sentence-stimulus"">The state of Arizona does not observe daylight savings time.</p>
              <audio controls src=""blob:https://charburnham.github.io/2b933eab-ae71-4f74-9723-02fb9ded5310"" class=""playback-audio""></audio>
            </div>
          ","1","html-button-response","182","588832","0.0-55.0-2.0","6nhu1nbwba","","","","","","queued","F8T","The state of Arizona does not observe daylight savings time.","true","sentence_review","","1","6nhu1nbwba_F8T_audio.webm","accepted","6nhu1nbwba_F8T_audio.webm"
"1444","
          <div class=""recording-instructions-box"">
            <h2>Read the sentence aloud</h2>
            <p>Take a moment to get ready. When you are ready to begin, click the button below to start recording.</p>
            <p class=""sentence-stimulus"">In colonial times, only the elite classes ate lobster.</p>
          </div>
        ","0","html-button-response","183","590280","0.0-56.0-0.0","6nhu1nbwba","","","","","","","F11F","In colonial times, only the elite classes ate lobster.","false","sentence_ready","","","","",""
"4700","
          <div class=""recording-instructions-box"">
            <h2>Recording in progress</h2>
            <p>Please read the sentence naturally, then click the button when you are done.</p>
            <p class=""sentence-stimulus"">In colonial times, only the elite classes ate lobster.</p>
          </div>
        ","null","html-audio-response","184","595064","0.0-56.0-1.0","6nhu1nbwba","","","","","13","","F11F","In colonial times, only the elite classes ate lobster.","false","sentence_recording","blob:https://charburnham.github.io/c724d098-b939-4eeb-8e64-8c49315c09fd","1","6nhu1nbwba_F11F_audio.webm","",""
"6212","
            <div class=""recording-instructions-box"">
              <h2>Review your recording</h2>
              <p>Listen to your recording for this sentence. If you want, you can record it again before moving on.</p>
              <p class=""sentence-stimulus"">In colonial times, only the elite classes ate lobster.</p>
              <audio controls src=""blob:https://charburnham.github.io/c724d098-b939-4eeb-8e64-8c49315c09fd"" class=""playback-audio""></audio>
            </div>
          ","1","html-button-response","185","601280","0.0-56.0-2.0","6nhu1nbwba","","","","","","queued","F11F","In colonial times, only the elite classes ate lobster.","false","sentence_review","","1","6nhu1nbwba_F11F_audio.webm","accepted","6nhu1nbwba_F11F_audio.webm"
"1362","
          <div class=""recording-instructions-box"">
            <h2>Read the sentence aloud</h2>
            <p>Take a moment to get ready. When you are ready to begin, click the button below to start recording.</p>
            <p class=""sentence-stimulus"">There are no species of fish which can walk on land.</p>
          </div>
        ","0","html-button-response","186","602645","0.0-57.0-0.0","6nhu1nbwba","","","","","","","23F","There are no species of fish which can walk on land.","false","sentence_ready","","","","",""
"5142","
          <div class=""recording-instructions-box"">
            <h2>Recording in progress</h2>
            <p>Please read the sentence naturally, then click the button when you are done.</p>
            <p class=""sentence-stimulus"">There are no species of fish which can walk on land.</p>
          </div>
        ","null","html-audio-response","187","607864","0.0-57.0-1.0","6nhu1nbwba","","","","","10","","23F","There are no species of fish which can walk on land.","false","sentence_recording","blob:https://charburnham.github.io/07037e59-6d82-4a92-83ba-45876a7f4139","1","6nhu1nbwba_23F_audio.webm","",""
"8488","
            <div class=""recording-instructions-box"">
              <h2>Review your recording</h2>
              <p>Listen to your recording for this sentence. If you want, you can record it again before moving on.</p>
              <p class=""sentence-stimulus"">There are no species of fish which can walk on land.</p>
              <audio controls src=""blob:https://charburnham.github.io/07037e59-6d82-4a92-83ba-45876a7f4139"" class=""playback-audio""></audio>
            </div>
          ","1","html-button-response","188","616355","0.0-57.0-2.0","6nhu1nbwba","","","","","","queued","23F","There are no species of fish which can walk on land.","false","sentence_review","","1","6nhu1nbwba_23F_audio.webm","accepted","6nhu1nbwba_23F_audio.webm"
"968","
          <div class=""recording-instructions-box"">
            <h2>Read the sentence aloud</h2>
            <p>Take a moment to get ready. When you are ready to begin, click the button below to start recording.</p>
            <p class=""sentence-stimulus"">Your heart does not momentarily stop when you sneeze.</p>
          </div>
        ","0","html-button-response","189","617328","0.0-58.0-0.0","6nhu1nbwba","","","","","","","F10T","Your heart does not momentarily stop when you sneeze.","true","sentence_ready","","","","",""
"4143","
          <div class=""recording-instructions-box"">
            <h2>Recording in progress</h2>
            <p>Please read the sentence naturally, then click the button when you are done.</p>
            <p class=""sentence-stimulus"">Your heart does not momentarily stop when you sneeze.</p>
          </div>
        ","null","html-audio-response","190","621547","0.0-58.0-1.0","6nhu1nbwba","","","","","13","","F10T","Your heart does not momentarily stop when you sneeze.","true","sentence_recording","blob:https://charburnham.github.io/d73b8cf8-4156-4053-84d1-1b848f663897","1","6nhu1nbwba_F10T_audio.webm","",""
"619","
            <div class=""recording-instructions-box"">
              <h2>Review your recording</h2>
              <p>Listen to your recording for this sentence. If you want, you can record it again before moving on.</p>
              <p class=""sentence-stimulus"">Your heart does not momentarily stop when you sneeze.</p>
              <audio controls src=""blob:https://charburnham.github.io/d73b8cf8-4156-4053-84d1-1b848f663897"" class=""playback-audio""></audio>
            </div>
          ","1","html-button-response","191","622169","0.0-58.0-2.0","6nhu1nbwba","","","","","","queued","F10T","Your heart does not momentarily stop when you sneeze.","true","sentence_review","","1","6nhu1nbwba_F10T_audio.webm","accepted","6nhu1nbwba_F10T_audio.webm"
"1321","
          <div class=""recording-instructions-box"">
            <h2>Read the sentence aloud</h2>
            <p>Take a moment to get ready. When you are ready to begin, click the button below to start recording.</p>
            <p class=""sentence-stimulus"">A shrimp's heart is located in its abdomen.</p>
          </div>
        ","0","html-button-response","192","623493","0.0-59.0-0.0","6nhu1nbwba","","","","","","","51F","A shrimp's heart is located in its abdomen.","false","sentence_ready","","","","",""
"3461","
          <div class=""recording-instructions-box"">
            <h2>Recording in progress</h2>
            <p>Please read the sentence naturally, then click the button when you are done.</p>
            <p class=""sentence-stimulus"">A shrimp's heart is located in its abdomen.</p>
          </div>
        ","null","html-audio-response","193","627030","0.0-59.0-1.0","6nhu1nbwba","","","","","10","","51F","A shrimp's heart is located in its abdomen.","false","sentence_recording","blob:https://charburnham.github.io/e0ebdebf-3827-49fe-9806-6efae0e840e4","1","6nhu1nbwba_51F_audio.webm","",""
"4282","
            <div class=""recording-instructions-box"">
              <h2>Review your recording</h2>
              <p>Listen to your recording for this sentence. If you want, you can record it again before moving on.</p>
              <p class=""sentence-stimulus"">A shrimp's heart is located in its abdomen.</p>
              <audio controls src=""blob:https://charburnham.github.io/e0ebdebf-3827-49fe-9806-6efae0e840e4"" class=""playback-audio""></audio>
            </div>
          ","0","html-button-response","194","631314","0.0-59.0-2.0","6nhu1nbwba","","","","","","not_uploaded_rerecorded","51F","A shrimp's heart is located in its abdomen.","false","sentence_review","","1","6nhu1nbwba_51F_audio.webm","rerecord","null"
"806","
          <div class=""recording-instructions-box"">
            <h2>Read the sentence aloud</h2>
            <p>Take a moment to get ready. When you are ready to begin, click the button below to start recording.</p>
            <p class=""sentence-stimulus"">A shrimp's heart is located in its abdomen.</p>
          </div>
        ","0","html-button-response","195","632123","0.0-59.1-0.1","6nhu1nbwba","","","","","","","51F","A shrimp's heart is located in its abdomen.","false","sentence_ready","","","","",""
"3962","
          <div class=""recording-instructions-box"">
            <h2>Recording in progress</h2>
            <p>Please read the sentence naturally, then click the button when you are done.</p>
            <p class=""sentence-stimulus"">A shrimp's heart is located in its abdomen.</p>
          </div>
        ","null","html-audio-response","196","636164","0.0-59.1-1.1","6nhu1nbwba","","","","","14","","51F","A shrimp's heart is located in its abdomen.","false","sentence_recording","blob:https://charburnham.github.io/7e42fc2f-21a6-484a-9011-bd99c754ee57","2","6nhu1nbwba_51F_audio.webm","",""
"664","
            <div class=""recording-instructions-box"">
              <h2>Review your recording</h2>
              <p>Listen to your recording for this sentence. If you want, you can record it again before moving on.</p>
              <p class=""sentence-stimulus"">A shrimp's heart is located in its abdomen.</p>
              <audio controls src=""blob:https://charburnham.github.io/7e42fc2f-21a6-484a-9011-bd99c754ee57"" class=""playback-audio""></audio>
            </div>
          ","1","html-button-response","197","636831","0.0-59.1-2.1","6nhu1nbwba","","","","","","queued","51F","A shrimp's heart is located in its abdomen.","false","sentence_review","","2","6nhu1nbwba_51F_audio.webm","accepted","6nhu1nbwba_51F_audio.webm"
"969","
          <div class=""recording-instructions-box"">
            <h2>Read the sentence aloud</h2>
            <p>Take a moment to get ready. When you are ready to begin, click the button below to start recording.</p>
            <p class=""sentence-stimulus"">Four U.S. presidents have been awarded honorary knighthood.</p>
          </div>
        ","0","html-button-response","198","637805","0.0-60.0-0.0","6nhu1nbwba","","","","","","","41F","Four U.S. presidents have been awarded honorary knighthood.","false","sentence_ready","","","","",""
"5009","
          <div class=""recording-instructions-box"">
            <h2>Recording in progress</h2>
            <p>Please read the sentence naturally, then click the button when you are done.</p>
            <p class=""sentence-stimulus"">Four U.S. presidents have been awarded honorary knighthood.</p>
          </div>
        ","null","html-audio-response","199","642897","0.0-60.0-1.0","6nhu1nbwba","","","","","18","","41F","Four U.S. presidents have been awarded honorary knighthood.","false","sentence_recording","blob:https://charburnham.github.io/bfae4794-5375-4080-9930-005e4b69e9cf","1","6nhu1nbwba_41F_audio.webm","",""
"620","
            <div class=""recording-instructions-box"">
              <h2>Review your recording</h2>
              <p>Listen to your recording for this sentence. If you want, you can record it again before moving on.</p>
              <p class=""sentence-stimulus"">Four U.S. presidents have been awarded honorary knighthood.</p>
              <audio controls src=""blob:https://charburnham.github.io/bfae4794-5375-4080-9930-005e4b69e9cf"" class=""playback-audio""></audio>
            </div>
          ","1","html-button-response","200","643521","0.0-60.0-2.0","6nhu1nbwba","","","","","","queued","41F","Four U.S. presidents have been awarded honorary knighthood.","false","sentence_review","","1","6nhu1nbwba_41F_audio.webm","accepted","6nhu1nbwba_41F_audio.webm"
"1713","
          <div class=""recording-instructions-box"">
            <h2>Read the sentence aloud</h2>
            <p>Take a moment to get ready. When you are ready to begin, click the button below to start recording.</p>
            <p class=""sentence-stimulus"">No only child has ever been a U.S. president.</p>
          </div>
        ","0","html-button-response","201","645238","0.0-61.0-0.0","6nhu1nbwba","","","","","","","10T","No only child has ever been a U.S. president.","true","sentence_ready","","","","",""
"4519","
          <div class=""recording-instructions-box"">
            <h2>Recording in progress</h2>
            <p>Please read the sentence naturally, then click the button when you are done.</p>
            <p class=""sentence-stimulus"">No only child has ever been a U.S. president.</p>
          </div>
        ","null","html-audio-response","202","649831","0.0-61.0-1.0","6nhu1nbwba","","","","","3","","10T","No only child has ever been a U.S. president.","true","sentence_recording","blob:https://charburnham.github.io/e49187d6-b4be-4166-9be0-6a13f40ad2ba","1","6nhu1nbwba_10T_audio.webm","",""
"670","
            <div class=""recording-instructions-box"">
              <h2>Review your recording</h2>
              <p>Listen to your recording for this sentence. If you want, you can record it again before moving on.</p>
              <p class=""sentence-stimulus"">No only child has ever been a U.S. president.</p>
              <audio controls src=""blob:https://charburnham.github.io/e49187d6-b4be-4166-9be0-6a13f40ad2ba"" class=""playback-audio""></audio>
            </div>
          ","1","html-button-response","203","650504","0.0-61.0-2.0","6nhu1nbwba","","","","","","queued","10T","No only child has ever been a U.S. president.","true","sentence_review","","1","6nhu1nbwba_10T_audio.webm","accepted","6nhu1nbwba_10T_audio.webm"
"1124","
          <div class=""recording-instructions-box"">
            <h2>Read the sentence aloud</h2>
            <p>Take a moment to get ready. When you are ready to begin, click the button below to start recording.</p>
            <p class=""sentence-stimulus"">Camel's milk does not curdle.</p>
          </div>
        ","0","html-button-response","204","651632","0.0-62.0-0.0","6nhu1nbwba","","","","","","","7T","Camel's milk does not curdle.","true","sentence_ready","","","","",""
"3320","
          <div class=""recording-instructions-box"">
            <h2>Recording in progress</h2>
            <p>Please read the sentence naturally, then click the button when you are done.</p>
            <p class=""sentence-stimulus"">Camel's milk does not curdle.</p>
          </div>
        ","null","html-audio-response","205","655031","0.0-62.0-1.0","6nhu1nbwba","","","","","4","","7T","Camel's milk does not curdle.","true","sentence_recording","blob:https://charburnham.github.io/c8896de7-82a1-406d-a0bd-9dc62f8f65b5","1","6nhu1nbwba_7T_audio.webm","",""
"728","
            <div class=""recording-instructions-box"">
              <h2>Review your recording</h2>
              <p>Listen to your recording for this sentence. If you want, you can record it again before moving on.</p>
              <p class=""sentence-stimulus"">Camel's milk does not curdle.</p>
              <audio controls src=""blob:https://charburnham.github.io/c8896de7-82a1-406d-a0bd-9dc62f8f65b5"" class=""playback-audio""></audio>
            </div>
          ","1","html-button-response","206","655762","0.0-62.0-2.0","6nhu1nbwba","","","","","","queued","7T","Camel's milk does not curdle.","true","sentence_review","","1","6nhu1nbwba_7T_audio.webm","accepted","6nhu1nbwba_7T_audio.webm"
"1272","
          <div class=""recording-instructions-box"">
            <h2>Read the sentence aloud</h2>
            <p>Take a moment to get ready. When you are ready to begin, click the button below to start recording.</p>
            <p class=""sentence-stimulus"">Washing Machines were invented before dishwashers.</p>
          </div>
        ","0","html-button-response","207","657038","0.0-63.0-0.0","6nhu1nbwba","","","","","","","28F","Washing Machines were invented before dishwashers.","false","sentence_ready","","","","",""
"4437","
          <div class=""recording-instructions-box"">
            <h2>Recording in progress</h2>
            <p>Please read the sentence naturally, then click the button when you are done.</p>
            <p class=""sentence-stimulus"">Washing Machines were invented before dishwashers.</p>
          </div>
        ","null","html-audio-response","208","661548","0.0-63.0-1.0","6nhu1nbwba","","","","","4","","28F","Washing Machines were invented before dishwashers.","false","sentence_recording","blob:https://charburnham.github.io/a389c73b-32e3-4c63-9d17-33fe552937fb","1","6nhu1nbwba_28F_audio.webm","",""
"2437","
            <div class=""recording-instructions-box"">
              <h2>Review your recording</h2>
              <p>Listen to your recording for this sentence. If you want, you can record it again before moving on.</p>
              <p class=""sentence-stimulus"">Washing Machines were invented before dishwashers.</p>
              <audio controls src=""blob:https://charburnham.github.io/a389c73b-32e3-4c63-9d17-33fe552937fb"" class=""playback-audio""></audio>
            </div>
          ","1","html-button-response","209","663989","0.0-63.0-2.0","6nhu1nbwba","","","","","","queued","28F","Washing Machines were invented before dishwashers.","false","sentence_review","","1","6nhu1nbwba_28F_audio.webm","accepted","6nhu1nbwba_28F_audio.webm"
"789","
          <div class=""recording-instructions-box"">
            <h2>Read the sentence aloud</h2>
            <p>Take a moment to get ready. When you are ready to begin, click the button below to start recording.</p>
            <p class=""sentence-stimulus"">Cows give more milk when milked in complete silence.</p>
          </div>
        ","0","html-button-response","210","664781","0.0-64.0-0.0","6nhu1nbwba","","","","","","","F7F","Cows give more milk when milked in complete silence.","false","sentence_ready","","","","",""
"4831","
          <div class=""recording-instructions-box"">
            <h2>Recording in progress</h2>
            <p>Please read the sentence naturally, then click the button when you are done.</p>
            <p class=""sentence-stimulus"">Cows give more milk when milked in complete silence.</p>
          </div>
        ","null","html-audio-response","211","669683","0.0-64.0-1.0","6nhu1nbwba","","","","","14","","F7F","Cows give more milk when milked in complete silence.","false","sentence_recording","blob:https://charburnham.github.io/27a51dc2-daa8-4111-832e-4691b52b68f6","1","6nhu1nbwba_F7F_audio.webm","",""
"5930","
            <div class=""recording-instructions-box"">
              <h2>Review your recording</h2>
              <p>Listen to your recording for this sentence. If you want, you can record it again before moving on.</p>
              <p class=""sentence-stimulus"">Cows give more milk when milked in complete silence.</p>
              <audio controls src=""blob:https://charburnham.github.io/27a51dc2-daa8-4111-832e-4691b52b68f6"" class=""playback-audio""></audio>
            </div>
          ","1","html-button-response","212","675616","0.0-64.0-2.0","6nhu1nbwba","","","","","","queued","F7F","Cows give more milk when milked in complete silence.","false","sentence_review","","1","6nhu1nbwba_F7F_audio.webm","accepted","6nhu1nbwba_F7F_audio.webm"
"1688","
          <div class=""recording-instructions-box"">
            <h2>Read the sentence aloud</h2>
            <p>Take a moment to get ready. When you are ready to begin, click the button below to start recording.</p>
            <p class=""sentence-stimulus"">A jellyfish is more than 95% water.</p>
          </div>
        ","0","html-button-response","213","677308","0.0-65.0-0.0","6nhu1nbwba","","","","","","","F9T","A jellyfish is more than 95% water.","true","sentence_ready","","","","",""
"5013","
          <div class=""recording-instructions-box"">
            <h2>Recording in progress</h2>
            <p>Please read the sentence naturally, then click the button when you are done.</p>
            <p class=""sentence-stimulus"">A jellyfish is more than 95% water.</p>
          </div>
        ","null","html-audio-response","214","682398","0.0-65.0-1.0","6nhu1nbwba","","","","","18","","F9T","A jellyfish is more than 95% water.","true","sentence_recording","blob:https://charburnham.github.io/57f44195-0f1e-40ed-92b4-a5ae96434e87","1","6nhu1nbwba_F9T_audio.webm","",""
"1843","
            <div class=""recording-instructions-box"">
              <h2>Review your recording</h2>
              <p>Listen to your recording for this sentence. If you want, you can record it again before moving on.</p>
              <p class=""sentence-stimulus"">A jellyfish is more than 95% water.</p>
              <audio controls src=""blob:https://charburnham.github.io/57f44195-0f1e-40ed-92b4-a5ae96434e87"" class=""playback-audio""></audio>
            </div>
          ","1","html-button-response","215","684244","0.0-65.0-2.0","6nhu1nbwba","","","","","","queued","F9T","A jellyfish is more than 95% water.","true","sentence_review","","1","6nhu1nbwba_F9T_audio.webm","accepted","6nhu1nbwba_F9T_audio.webm"
"805","
          <div class=""recording-instructions-box"">
            <h2>Read the sentence aloud</h2>
            <p>Take a moment to get ready. When you are ready to begin, click the button below to start recording.</p>
            <p class=""sentence-stimulus"">Chameleons' tongues can stretch to four times their body length.</p>
          </div>
        ","0","html-button-response","216","685053","0.0-66.0-0.0","6nhu1nbwba","","","","","","","42F","Chameleons' tongues can stretch to four times their body length.","false","sentence_ready","","","","",""
"3013","
          <div class=""recording-instructions-box"">
            <h2>Recording in progress</h2>
            <p>Please read the sentence naturally, then click the button when you are done.</p>
            <p class=""sentence-stimulus"">Chameleons' tongues can stretch to four times their body length.</p>
          </div>
        ","null","html-audio-response","217","688148","0.0-66.0-1.0","6nhu1nbwba","","","","","17","","42F","Chameleons' tongues can stretch to four times their body length.","false","sentence_recording","blob:https://charburnham.github.io/560d4edc-e6e6-4d0c-9330-b9e24d3878b3","1","6nhu1nbwba_42F_audio.webm","",""
"633","
            <div class=""recording-instructions-box"">
              <h2>Review your recording</h2>
              <p>Listen to your recording for this sentence. If you want, you can record it again before moving on.</p>
              <p class=""sentence-stimulus"">Chameleons' tongues can stretch to four times their body length.</p>
              <audio controls src=""blob:https://charburnham.github.io/560d4edc-e6e6-4d0c-9330-b9e24d3878b3"" class=""playback-audio""></audio>
            </div>
          ","0","html-button-response","218","688783","0.0-66.0-2.0","6nhu1nbwba","","","","","","not_uploaded_rerecorded","42F","Chameleons' tongues can stretch to four times their body length.","false","sentence_review","","1","6nhu1nbwba_42F_audio.webm","rerecord","null"
"815","
          <div class=""recording-instructions-box"">
            <h2>Read the sentence aloud</h2>
            <p>Take a moment to get ready. When you are ready to begin, click the button below to start recording.</p>
            <p class=""sentence-stimulus"">Chameleons' tongues can stretch to four times their body length.</p>
          </div>
        ","0","html-button-response","219","689601","0.0-66.1-0.1","6nhu1nbwba","","","","","","","42F","Chameleons' tongues can stretch to four times their body length.","false","sentence_ready","","","","",""
"4345","
          <div class=""recording-instructions-box"">
            <h2>Recording in progress</h2>
            <p>Please read the sentence naturally, then click the button when you are done.</p>
            <p class=""sentence-stimulus"">Chameleons' tongues can stretch to four times their body length.</p>
          </div>
        ","null","html-audio-response","220","694015","0.0-66.1-1.1","6nhu1nbwba","","","","","11","","42F","Chameleons' tongues can stretch to four times their body length.","false","sentence_recording","blob:https://charburnham.github.io/2cf9e630-e670-40f5-8350-e51295e1adbc","2","6nhu1nbwba_42F_audio.webm","",""
"901","
            <div class=""recording-instructions-box"">
              <h2>Review your recording</h2>
              <p>Listen to your recording for this sentence. If you want, you can record it again before moving on.</p>
              <p class=""sentence-stimulus"">Chameleons' tongues can stretch to four times their body length.</p>
              <audio controls src=""blob:https://charburnham.github.io/2cf9e630-e670-40f5-8350-e51295e1adbc"" class=""playback-audio""></audio>
            </div>
          ","1","html-button-response","221","694918","0.0-66.1-2.1","6nhu1nbwba","","","","","","queued","42F","Chameleons' tongues can stretch to four times their body length.","false","sentence_review","","2","6nhu1nbwba_42F_audio.webm","accepted","6nhu1nbwba_42F_audio.webm"
"1034","
          <div class=""recording-instructions-box"">
            <h2>Read the sentence aloud</h2>
            <p>Take a moment to get ready. When you are ready to begin, click the button below to start recording.</p>
            <p class=""sentence-stimulus"">Rhode Island never ratified the 18th Amendment.</p>
          </div>
        ","0","html-button-response","222","695957","0.0-67.0-0.0","6nhu1nbwba","","","","","","","30T","Rhode Island never ratified the 18th Amendment.","true","sentence_ready","","","","",""
"4282","
          <div class=""recording-instructions-box"">
            <h2>Recording in progress</h2>
            <p>Please read the sentence naturally, then click the button when you are done.</p>
            <p class=""sentence-stimulus"">Rhode Island never ratified the 18th Amendment.</p>
          </div>
        ","null","html-audio-response","223","700332","0.0-67.0-1.0","6nhu1nbwba","","","","","18","","30T","Rhode Island never ratified the 18th Amendment.","true","sentence_recording","blob:https://charburnham.github.io/2f159169-9ef4-4892-a2ed-130b1c8b9019","1","6nhu1nbwba_30T_audio.webm","",""
"7144","
            <div class=""recording-instructions-box"">
              <h2>Review your recording</h2>
              <p>Listen to your recording for this sentence. If you want, you can record it again before moving on.</p>
              <p class=""sentence-stimulus"">Rhode Island never ratified the 18th Amendment.</p>
              <audio controls src=""blob:https://charburnham.github.io/2f159169-9ef4-4892-a2ed-130b1c8b9019"" class=""playback-audio""></audio>
            </div>
          ","0","html-button-response","224","707479","0.0-67.0-2.0","6nhu1nbwba","","","","","","not_uploaded_rerecorded","30T","Rhode Island never ratified the 18th Amendment.","true","sentence_review","","1","6nhu1nbwba_30T_audio.webm","rerecord","null"
"961","
          <div class=""recording-instructions-box"">
            <h2>Read the sentence aloud</h2>
            <p>Take a moment to get ready. When you are ready to begin, click the button below to start recording.</p>
            <p class=""sentence-stimulus"">Rhode Island never ratified the 18th Amendment.</p>
          </div>
        ","0","html-button-response","225","708444","0.0-67.1-0.1","6nhu1nbwba","","","","","","","30T","Rhode Island never ratified the 18th Amendment.","true","sentence_ready","","","","",""
"4284","
          <div class=""recording-instructions-box"">
            <h2>Recording in progress</h2>
            <p>Please read the sentence naturally, then click the button when you are done.</p>
            <p class=""sentence-stimulus"">Rhode Island never ratified the 18th Amendment.</p>
          </div>
        ","null","html-audio-response","226","712815","0.0-67.1-1.1","6nhu1nbwba","","","","","10","","30T","Rhode Island never ratified the 18th Amendment.","true","sentence_recording","blob:https://charburnham.github.io/3541729a-f583-4369-a6e7-58327bfbf2c2","2","6nhu1nbwba_30T_audio.webm","",""
"564","
            <div class=""recording-instructions-box"">
              <h2>Review your recording</h2>
              <p>Listen to your recording for this sentence. If you want, you can record it again before moving on.</p>
              <p class=""sentence-stimulus"">Rhode Island never ratified the 18th Amendment.</p>
              <audio controls src=""blob:https://charburnham.github.io/3541729a-f583-4369-a6e7-58327bfbf2c2"" class=""playback-audio""></audio>
            </div>
          ","1","html-button-response","227","713381","0.0-67.1-2.1","6nhu1nbwba","","","","","","queued","30T","Rhode Island never ratified the 18th Amendment.","true","sentence_review","","2","6nhu1nbwba_30T_audio.webm","accepted","6nhu1nbwba_30T_audio.webm"
"699","
          <div class=""recording-instructions-box"">
            <h2>Read the sentence aloud</h2>
            <p>Take a moment to get ready. When you are ready to begin, click the button below to start recording.</p>
            <p class=""sentence-stimulus"">Nepal is the only country whose national flag is not rectangular.</p>
          </div>
        ","0","html-button-response","228","714085","0.0-68.0-0.0","6nhu1nbwba","","","","","","","35T","Nepal is the only country whose national flag is not rectangular.","true","sentence_ready","","","","",""
"5592","
          <div class=""recording-instructions-box"">
            <h2>Recording in progress</h2>
            <p>Please read the sentence naturally, then click the button when you are done.</p>
            <p class=""sentence-stimulus"">Nepal is the only country whose national flag is not rectangular.</p>
          </div>
        ","null","html-audio-response","229","719748","0.0-68.0-1.0","6nhu1nbwba","","","","","4","","35T","Nepal is the only country whose national flag is not rectangular.","true","sentence_recording","blob:https://charburnham.github.io/43cb227a-ffbc-481d-b32d-41c81ff35d1c","1","6nhu1nbwba_35T_audio.webm","",""
"569","
            <div class=""recording-instructions-box"">
              <h2>Review your recording</h2>
              <p>Listen to your recording for this sentence. If you want, you can record it again before moving on.</p>
              <p class=""sentence-stimulus"">Nepal is the only country whose national flag is not rectangular.</p>
              <audio controls src=""blob:https://charburnham.github.io/43cb227a-ffbc-481d-b32d-41c81ff35d1c"" class=""playback-audio""></audio>
            </div>
          ","1","html-button-response","230","720320","0.0-68.0-2.0","6nhu1nbwba","","","","","","queued","35T","Nepal is the only country whose national flag is not rectangular.","true","sentence_review","","1","6nhu1nbwba_35T_audio.webm","accepted","6nhu1nbwba_35T_audio.webm"
"899","
          <div class=""recording-instructions-box"">
            <h2>Read the sentence aloud</h2>
            <p>Take a moment to get ready. When you are ready to begin, click the button below to start recording.</p>
            <p class=""sentence-stimulus"">Adult beavers can hold their breath for up to 15 minutes under water.</p>
          </div>
        ","0","html-button-response","231","721221","0.0-69.0-0.0","6nhu1nbwba","","","","","","","3T","Adult beavers can hold their breath for up to 15 minutes under water.","true","sentence_ready","","","","",""
"5188","
          <div class=""recording-instructions-box"">
            <h2>Recording in progress</h2>
            <p>Please read the sentence naturally, then click the button when you are done.</p>
            <p class=""sentence-stimulus"">Adult beavers can hold their breath for up to 15 minutes under water.</p>
          </div>
        ","null","html-audio-response","232","726482","0.0-69.0-1.0","6nhu1nbwba","","","","","8","","3T","Adult beavers can hold their breath for up to 15 minutes under water.","true","sentence_recording","blob:https://charburnham.github.io/b7802489-ae6d-4438-80fc-b8e4e1f421ea","1","6nhu1nbwba_3T_audio.webm","",""
"493","
            <div class=""recording-instructions-box"">
              <h2>Review your recording</h2>
              <p>Listen to your recording for this sentence. If you want, you can record it again before moving on.</p>
              <p class=""sentence-stimulus"">Adult beavers can hold their breath for up to 15 minutes under water.</p>
              <audio controls src=""blob:https://charburnham.github.io/b7802489-ae6d-4438-80fc-b8e4e1f421ea"" class=""playback-audio""></audio>
            </div>
          ","1","html-button-response","233","726978","0.0-69.0-2.0","6nhu1nbwba","","","","","","queued","3T","Adult beavers can hold their breath for up to 15 minutes under water.","true","sentence_review","","1","6nhu1nbwba_3T_audio.webm","accepted","6nhu1nbwba_3T_audio.webm"
"969","
          <div class=""recording-instructions-box"">
            <h2>Read the sentence aloud</h2>
            <p>Take a moment to get ready. When you are ready to begin, click the button below to start recording.</p>
            <p class=""sentence-stimulus"">China only has one official time zone.</p>
          </div>
        ","0","html-button-response","234","727951","0.0-70.0-0.0","6nhu1nbwba","","","","","","","F5T","China only has one official time zone.","true","sentence_ready","","","","",""
"3493","
          <div class=""recording-instructions-box"">
            <h2>Recording in progress</h2>
            <p>Please read the sentence naturally, then click the button when you are done.</p>
            <p class=""sentence-stimulus"">China only has one official time zone.</p>
          </div>
        ","null","html-audio-response","235","731515","0.0-70.0-1.0","6nhu1nbwba","","","","","11","","F5T","China only has one official time zone.","true","sentence_recording","blob:https://charburnham.github.io/72cbbd0c-061e-4565-afc5-8c2848329f45","1","6nhu1nbwba_F5T_audio.webm","",""
"521","
            <div class=""recording-instructions-box"">
              <h2>Review your recording</h2>
              <p>Listen to your recording for this sentence. If you want, you can record it again before moving on.</p>
              <p class=""sentence-stimulus"">China only has one official time zone.</p>
              <audio controls src=""blob:https://charburnham.github.io/72cbbd0c-061e-4565-afc5-8c2848329f45"" class=""playback-audio""></audio>
            </div>
          ","1","html-button-response","236","732039","0.0-70.0-2.0","6nhu1nbwba","","","","","","queued","F5T","China only has one official time zone.","true","sentence_review","","1","6nhu1nbwba_F5T_audio.webm","accepted","6nhu1nbwba_F5T_audio.webm"
"928","
          <div class=""recording-instructions-box"">
            <h2>Read the sentence aloud</h2>
            <p>Take a moment to get ready. When you are ready to begin, click the button below to start recording.</p>
            <p class=""sentence-stimulus"">A bee has 3 eyes.</p>
          </div>
        ","0","html-button-response","237","732971","0.0-71.0-0.0","6nhu1nbwba","","","","","","","4F","A bee has 3 eyes.","false","sentence_ready","","","","",""
"2457","
          <div class=""recording-instructions-box"">
            <h2>Recording in progress</h2>
            <p>Please read the sentence naturally, then click the button when you are done.</p>
            <p class=""sentence-stimulus"">A bee has 3 eyes.</p>
          </div>
        ","null","html-audio-response","238","735498","0.0-71.0-1.0","6nhu1nbwba","","","","","8","","4F","A bee has 3 eyes.","false","sentence_recording","blob:https://charburnham.github.io/f2be9e80-c114-40ff-97e2-0ddbd700fb82","1","6nhu1nbwba_4F_audio.webm","",""
"888","
            <div class=""recording-instructions-box"">
              <h2>Review your recording</h2>
              <p>Listen to your recording for this sentence. If you want, you can record it again before moving on.</p>
              <p class=""sentence-stimulus"">A bee has 3 eyes.</p>
              <audio controls src=""blob:https://charburnham.github.io/f2be9e80-c114-40ff-97e2-0ddbd700fb82"" class=""playback-audio""></audio>
            </div>
          ","1","html-button-response","239","736389","0.0-71.0-2.0","6nhu1nbwba","","","","","","queued","4F","A bee has 3 eyes.","false","sentence_review","","1","6nhu1nbwba_4F_audio.webm","accepted","6nhu1nbwba_4F_audio.webm"
"1058","
          <div class=""recording-instructions-box"">
            <h2>Read the sentence aloud</h2>
            <p>Take a moment to get ready. When you are ready to begin, click the button below to start recording.</p>
            <p class=""sentence-stimulus"">Chameleons' tongues can stretch to two times their body length.</p>
          </div>
        ","0","html-button-response","240","737451","0.0-72.0-0.0","6nhu1nbwba","","","","","","","42T","Chameleons' tongues can stretch to two times their body length.","true","sentence_ready","","","","",""
"4089","
          <div class=""recording-instructions-box"">
            <h2>Recording in progress</h2>
            <p>Please read the sentence naturally, then click the button when you are done.</p>
            <p class=""sentence-stimulus"">Chameleons' tongues can stretch to two times their body length.</p>
          </div>
        ","null","html-audio-response","241","741615","0.0-72.0-1.0","6nhu1nbwba","","","","","11","","42T","Chameleons' tongues can stretch to two times their body length.","true","sentence_recording","blob:https://charburnham.github.io/8f39e4f8-23ec-4e6f-8d03-31cb80e59e4e","1","6nhu1nbwba_42T_audio.webm","",""
"5122","
            <div class=""recording-instructions-box"">
              <h2>Review your recording</h2>
              <p>Listen to your recording for this sentence. If you want, you can record it again before moving on.</p>
              <p class=""sentence-stimulus"">Chameleons' tongues can stretch to two times their body length.</p>
              <audio controls src=""blob:https://charburnham.github.io/8f39e4f8-23ec-4e6f-8d03-31cb80e59e4e"" class=""playback-audio""></audio>
            </div>
          ","0","html-button-response","242","746740","0.0-72.0-2.0","6nhu1nbwba","","","","","","not_uploaded_rerecorded","42T","Chameleons' tongues can stretch to two times their body length.","true","sentence_review","","1","6nhu1nbwba_42T_audio.webm","rerecord","null"
"840","
          <div class=""recording-instructions-box"">
            <h2>Read the sentence aloud</h2>
            <p>Take a moment to get ready. When you are ready to begin, click the button below to start recording.</p>
            <p class=""sentence-stimulus"">Chameleons' tongues can stretch to two times their body length.</p>
          </div>
        ","0","html-button-response","243","747583","0.0-72.1-0.1","6nhu1nbwba","","","","","","","42T","Chameleons' tongues can stretch to two times their body length.","true","sentence_ready","","","","",""
"4690","
          <div class=""recording-instructions-box"">
            <h2>Recording in progress</h2>
            <p>Please read the sentence naturally, then click the button when you are done.</p>
            <p class=""sentence-stimulus"">Chameleons' tongues can stretch to two times their body length.</p>
          </div>
        ","null","html-audio-response","244","752349","0.0-72.1-1.1","6nhu1nbwba","","","","","4","","42T","Chameleons' tongues can stretch to two times their body length.","true","sentence_recording","blob:https://charburnham.github.io/9849b8b4-1415-4a24-bc4c-17eda2e2e2b2","2","6nhu1nbwba_42T_audio.webm","",""
"691","
            <div class=""recording-instructions-box"">
              <h2>Review your recording</h2>
              <p>Listen to your recording for this sentence. If you want, you can record it again before moving on.</p>
              <p class=""sentence-stimulus"">Chameleons' tongues can stretch to two times their body length.</p>
              <audio controls src=""blob:https://charburnham.github.io/9849b8b4-1415-4a24-bc4c-17eda2e2e2b2"" class=""playback-audio""></audio>
            </div>
          ","1","html-button-response","245","753042","0.0-72.1-2.1","6nhu1nbwba","","","","","","queued","42T","Chameleons' tongues can stretch to two times their body length.","true","sentence_review","","2","6nhu1nbwba_42T_audio.webm","accepted","6nhu1nbwba_42T_audio.webm"
"854","
          <div class=""recording-instructions-box"">
            <h2>Read the sentence aloud</h2>
            <p>Take a moment to get ready. When you are ready to begin, click the button below to start recording.</p>
            <p class=""sentence-stimulus"">Camel's milk curdles faster than cow's milk.</p>
          </div>
        ","0","html-button-response","246","753900","0.0-73.0-0.0","6nhu1nbwba","","","","","","","7F","Camel's milk curdles faster than cow's milk.","false","sentence_ready","","","","",""
"3729","
          <div class=""recording-instructions-box"">
            <h2>Recording in progress</h2>
            <p>Please read the sentence naturally, then click the button when you are done.</p>
            <p class=""sentence-stimulus"">Camel's milk curdles faster than cow's milk.</p>
          </div>
        ","null","html-audio-response","247","757698","0.0-73.0-1.0","6nhu1nbwba","","","","","12","","7F","Camel's milk curdles faster than cow's milk.","false","sentence_recording","blob:https://charburnham.github.io/2c621f9d-ed46-457d-9a5b-b481cdc4aec7","1","6nhu1nbwba_7F_audio.webm","",""
"746","
            <div class=""recording-instructions-box"">
              <h2>Review your recording</h2>
              <p>Listen to your recording for this sentence. If you want, you can record it again before moving on.</p>
              <p class=""sentence-stimulus"">Camel's milk curdles faster than cow's milk.</p>
              <audio controls src=""blob:https://charburnham.github.io/2c621f9d-ed46-457d-9a5b-b481cdc4aec7"" class=""playback-audio""></audio>
            </div>
          ","1","html-button-response","248","758447","0.0-73.0-2.0","6nhu1nbwba","","","","","","queued","7F","Camel's milk curdles faster than cow's milk.","false","sentence_review","","1","6nhu1nbwba_7F_audio.webm","accepted","6nhu1nbwba_7F_audio.webm"
"1181","
          <div class=""recording-instructions-box"">
            <h2>Read the sentence aloud</h2>
            <p>Take a moment to get ready. When you are ready to begin, click the button below to start recording.</p>
            <p class=""sentence-stimulus"">Studies suggest that ants can lift up to 5000 times their own weight.</p>
          </div>
        ","0","html-button-response","249","759632","0.0-74.0-0.0","6nhu1nbwba","","","","","","","6T","Studies suggest that ants can lift up to 5000 times their own weight.","true","sentence_ready","","","","",""
"5428","
          <div class=""recording-instructions-box"">
            <h2>Recording in progress</h2>
            <p>Please read the sentence naturally, then click the button when you are done.</p>
            <p class=""sentence-stimulus"">Studies suggest that ants can lift up to 5000 times their own weight.</p>
          </div>
        ","null","html-audio-response","250","765132","0.0-74.0-1.0","6nhu1nbwba","","","","","6","","6T","Studies suggest that ants can lift up to 5000 times their own weight.","true","sentence_recording","blob:https://charburnham.github.io/a13421b4-e94d-40b6-bcf4-72ae32080af9","1","6nhu1nbwba_6T_audio.webm","",""
"754","
            <div class=""recording-instructions-box"">
              <h2>Review your recording</h2>
              <p>Listen to your recording for this sentence. If you want, you can record it again before moving on.</p>
              <p class=""sentence-stimulus"">Studies suggest that ants can lift up to 5000 times their own weight.</p>
              <audio controls src=""blob:https://charburnham.github.io/a13421b4-e94d-40b6-bcf4-72ae32080af9"" class=""playback-audio""></audio>
            </div>
          ","1","html-button-response","251","765889","0.0-74.0-2.0","6nhu1nbwba","","","","","","queued","6T","Studies suggest that ants can lift up to 5000 times their own weight.","true","sentence_review","","1","6nhu1nbwba_6T_audio.webm","accepted","6nhu1nbwba_6T_audio.webm"
"805","
          <div class=""recording-instructions-box"">
            <h2>Read the sentence aloud</h2>
            <p>Take a moment to get ready. When you are ready to begin, click the button below to start recording.</p>
            <p class=""sentence-stimulus"">Kangaroos can lick their own eyes.</p>
          </div>
        ","0","html-button-response","252","766699","0.0-75.0-0.0","6nhu1nbwba","","","","","","","19F","Kangaroos can lick their own eyes.","false","sentence_ready","","","","",""
"3143","
          <div class=""recording-instructions-box"">
            <h2>Recording in progress</h2>
            <p>Please read the sentence naturally, then click the button when you are done.</p>
            <p class=""sentence-stimulus"">Kangaroos can lick their own eyes.</p>
          </div>
        ","null","html-audio-response","253","769915","0.0-75.0-1.0","6nhu1nbwba","","","","","14","","19F","Kangaroos can lick their own eyes.","false","sentence_recording","blob:https://charburnham.github.io/af96b56d-fdcf-425f-bc5a-06f6360f0981","1","6nhu1nbwba_19F_audio.webm","",""
"575","
            <div class=""recording-instructions-box"">
              <h2>Review your recording</h2>
              <p>Listen to your recording for this sentence. If you want, you can record it again before moving on.</p>
              <p class=""sentence-stimulus"">Kangaroos can lick their own eyes.</p>
              <audio controls src=""blob:https://charburnham.github.io/af96b56d-fdcf-425f-bc5a-06f6360f0981"" class=""playback-audio""></audio>
            </div>
          ","1","html-button-response","254","770493","0.0-75.0-2.0","6nhu1nbwba","","","","","","queued","19F","Kangaroos can lick their own eyes.","false","sentence_review","","1","6nhu1nbwba_19F_audio.webm","accepted","6nhu1nbwba_19F_audio.webm"
"1002","
          <div class=""recording-instructions-box"">
            <h2>Read the sentence aloud</h2>
            <p>Take a moment to get ready. When you are ready to begin, click the button below to start recording.</p>
            <p class=""sentence-stimulus"">Venus rotates clockwise.</p>
          </div>
        ","0","html-button-response","255","771499","0.0-76.0-0.0","6nhu1nbwba","","","","","","","33T","Venus rotates clockwise.","true","sentence_ready","","","","",""
"2730","
          <div class=""recording-instructions-box"">
            <h2>Recording in progress</h2>
            <p>Please read the sentence naturally, then click the button when you are done.</p>
            <p class=""sentence-stimulus"">Venus rotates clockwise.</p>
          </div>
        ","null","html-audio-response","256","774299","0.0-76.0-1.0","6nhu1nbwba","","","","","11","","33T","Venus rotates clockwise.","true","sentence_recording","blob:https://charburnham.github.io/f05d7428-2a06-456c-878a-459d32a61c20","1","6nhu1nbwba_33T_audio.webm","",""
"623","
            <div class=""recording-instructions-box"">
              <h2>Review your recording</h2>
              <p>Listen to your recording for this sentence. If you want, you can record it again before moving on.</p>
              <p class=""sentence-stimulus"">Venus rotates clockwise.</p>
              <audio controls src=""blob:https://charburnham.github.io/f05d7428-2a06-456c-878a-459d32a61c20"" class=""playback-audio""></audio>
            </div>
          ","1","html-button-response","257","774924","0.0-76.0-2.0","6nhu1nbwba","","","","","","queued","33T","Venus rotates clockwise.","true","sentence_review","","1","6nhu1nbwba_33T_audio.webm","accepted","6nhu1nbwba_33T_audio.webm"
"1722","
          <div class=""recording-instructions-box"">
            <h2>Read the sentence aloud</h2>
            <p>Take a moment to get ready. When you are ready to begin, click the button below to start recording.</p>
            <p class=""sentence-stimulus"">Venus rotates counter-clockwise.</p>
          </div>
        ","0","html-button-response","258","776650","0.0-77.0-0.0","6nhu1nbwba","","","","","","","33F","Venus rotates counter-clockwise.","false","sentence_ready","","","","",""
"3098","
          <div class=""recording-instructions-box"">
            <h2>Recording in progress</h2>
            <p>Please read the sentence naturally, then click the button when you are done.</p>
            <p class=""sentence-stimulus"">Venus rotates counter-clockwise.</p>
          </div>
        ","null","html-audio-response","259","779817","0.0-77.0-1.0","6nhu1nbwba","","","","","12","","33F","Venus rotates counter-clockwise.","false","sentence_recording","blob:https://charburnham.github.io/009af7d3-fa5a-43e8-92e7-d4efd5ca51a6","1","6nhu1nbwba_33F_audio.webm","",""
"616","
            <div class=""recording-instructions-box"">
              <h2>Review your recording</h2>
              <p>Listen to your recording for this sentence. If you want, you can record it again before moving on.</p>
              <p class=""sentence-stimulus"">Venus rotates counter-clockwise.</p>
              <audio controls src=""blob:https://charburnham.github.io/009af7d3-fa5a-43e8-92e7-d4efd5ca51a6"" class=""playback-audio""></audio>
            </div>
          ","1","html-button-response","260","780436","0.0-77.0-2.0","6nhu1nbwba","","","","","","queued","33F","Venus rotates counter-clockwise.","false","sentence_review","","1","6nhu1nbwba_33F_audio.webm","accepted","6nhu1nbwba_33F_audio.webm"
"4641","
          <div class=""recording-instructions-box"">
            <h2>Read the sentence aloud</h2>
            <p>Take a moment to get ready. When you are ready to begin, click the button below to start recording.</p>
            <p class=""sentence-stimulus"">James Monroe was the shortest U.S. president.</p>
          </div>
        ","0","html-button-response","261","785081","0.0-78.0-0.0","6nhu1nbwba","","","","","","","40F","James Monroe was the shortest U.S. president.","false","sentence_ready","","","","",""
"3357","
          <div class=""recording-instructions-box"">
            <h2>Recording in progress</h2>
            <p>Please read the sentence naturally, then click the button when you are done.</p>
            <p class=""sentence-stimulus"">James Monroe was the shortest U.S. president.</p>
          </div>
        ","null","html-audio-response","262","788516","0.0-78.0-1.0","6nhu1nbwba","","","","","15","","40F","James Monroe was the shortest U.S. president.","false","sentence_recording","blob:https://charburnham.github.io/7f9ac194-edf4-46db-b06f-4b6631557abc","1","6nhu1nbwba_40F_audio.webm","",""
"545","
            <div class=""recording-instructions-box"">
              <h2>Review your recording</h2>
              <p>Listen to your recording for this sentence. If you want, you can record it again before moving on.</p>
              <p class=""sentence-stimulus"">James Monroe was the shortest U.S. president.</p>
              <audio controls src=""blob:https://charburnham.github.io/7f9ac194-edf4-46db-b06f-4b6631557abc"" class=""playback-audio""></audio>
            </div>
          ","1","html-button-response","263","789063","0.0-78.0-2.0","6nhu1nbwba","","","","","","queued","40F","James Monroe was the shortest U.S. president.","false","sentence_review","","1","6nhu1nbwba_40F_audio.webm","accepted","6nhu1nbwba_40F_audio.webm"
"1142","
          <div class=""recording-instructions-box"">
            <h2>Read the sentence aloud</h2>
            <p>Take a moment to get ready. When you are ready to begin, click the button below to start recording.</p>
            <p class=""sentence-stimulus"">Your heart stops momentarily when you sneeze.</p>
          </div>
        ","0","html-button-response","264","790209","0.0-79.0-0.0","6nhu1nbwba","","","","","","","F10F","Your heart stops momentarily when you sneeze.","false","sentence_ready","","","","",""
"3653","
          <div class=""recording-instructions-box"">
            <h2>Recording in progress</h2>
            <p>Please read the sentence naturally, then click the button when you are done.</p>
            <p class=""sentence-stimulus"">Your heart stops momentarily when you sneeze.</p>
          </div>
        ","null","html-audio-response","265","793950","0.0-79.0-1.0","6nhu1nbwba","","","","","19","","F10F","Your heart stops momentarily when you sneeze.","false","sentence_recording","blob:https://charburnham.github.io/4b4334c3-6337-4e8f-af85-85c5e06a9fd5","1","6nhu1nbwba_F10F_audio.webm","",""
"565","
            <div class=""recording-instructions-box"">
              <h2>Review your recording</h2>
              <p>Listen to your recording for this sentence. If you want, you can record it again before moving on.</p>
              <p class=""sentence-stimulus"">Your heart stops momentarily when you sneeze.</p>
              <audio controls src=""blob:https://charburnham.github.io/4b4334c3-6337-4e8f-af85-85c5e06a9fd5"" class=""playback-audio""></audio>
            </div>
          ","1","html-button-response","266","794518","0.0-79.0-2.0","6nhu1nbwba","","","","","","queued","F10F","Your heart stops momentarily when you sneeze.","false","sentence_review","","1","6nhu1nbwba_F10F_audio.webm","accepted","6nhu1nbwba_F10F_audio.webm"
"1165","
          <div class=""recording-instructions-box"">
            <h2>Read the sentence aloud</h2>
            <p>Take a moment to get ready. When you are ready to begin, click the button below to start recording.</p>
            <p class=""sentence-stimulus"">Texas is the only state that permits residents to cast absentee ballots from space.</p>
          </div>
        ","0","html-button-response","267","795687","0.0-80.0-0.0","6nhu1nbwba","","","","","","","14T","Texas is the only state that permits residents to cast absentee ballots from space.","true","sentence_ready","","","","",""
"3844","
          <div class=""recording-instructions-box"">
            <h2>Recording in progress</h2>
            <p>Please read the sentence naturally, then click the button when you are done.</p>
            <p class=""sentence-stimulus"">Texas is the only state that permits residents to cast absentee ballots from space.</p>
          </div>
        ","null","html-audio-response","268","799599","0.0-80.0-1.0","6nhu1nbwba","","","","","6","","14T","Texas is the only state that permits residents to cast absentee ballots from space.","true","sentence_recording","blob:https://charburnham.github.io/d48140cf-c773-4c01-916b-0b847a99e728","1","6nhu1nbwba_14T_audio.webm","",""
"697","
            <div class=""recording-instructions-box"">
              <h2>Review your recording</h2>
              <p>Listen to your recording for this sentence. If you want, you can record it again before moving on.</p>
              <p class=""sentence-stimulus"">Texas is the only state that permits residents to cast absentee ballots from space.</p>
              <audio controls src=""blob:https://charburnham.github.io/d48140cf-c773-4c01-916b-0b847a99e728"" class=""playback-audio""></audio>
            </div>
          ","0","html-button-response","269","800299","0.0-80.0-2.0","6nhu1nbwba","","","","","","not_uploaded_rerecorded","14T","Texas is the only state that permits residents to cast absentee ballots from space.","true","sentence_review","","1","6nhu1nbwba_14T_audio.webm","rerecord","null"
"1445","
          <div class=""recording-instructions-box"">
            <h2>Read the sentence aloud</h2>
            <p>Take a moment to get ready. When you are ready to begin, click the button below to start recording.</p>
            <p class=""sentence-stimulus"">Texas is the only state that permits residents to cast absentee ballots from space.</p>
          </div>
        ","0","html-button-response","270","801746","0.0-80.1-0.1","6nhu1nbwba","","","","","","","14T","Texas is the only state that permits residents to cast absentee ballots from space.","true","sentence_ready","","","","",""
"6109","
          <div class=""recording-instructions-box"">
            <h2>Recording in progress</h2>
            <p>Please read the sentence naturally, then click the button when you are done.</p>
            <p class=""sentence-stimulus"">Texas is the only state that permits residents to cast absentee ballots from space.</p>
          </div>
        ","null","html-audio-response","271","807934","0.0-80.1-1.1","6nhu1nbwba","","","","","11","","14T","Texas is the only state that permits residents to cast absentee ballots from space.","true","sentence_recording","blob:https://charburnham.github.io/a1d3bc8e-e805-49ea-8363-7fa68210adce","2","6nhu1nbwba_14T_audio.webm","",""
"601","
            <div class=""recording-instructions-box"">
              <h2>Review your recording</h2>
              <p>Listen to your recording for this sentence. If you want, you can record it again before moving on.</p>
              <p class=""sentence-stimulus"">Texas is the only state that permits residents to cast absentee ballots from space.</p>
              <audio controls src=""blob:https://charburnham.github.io/a1d3bc8e-e805-49ea-8363-7fa68210adce"" class=""playback-audio""></audio>
            </div>
          ","1","html-button-response","272","808538","0.0-80.1-2.1","6nhu1nbwba","","","","","","queued","14T","Texas is the only state that permits residents to cast absentee ballots from space.","true","sentence_review","","2","6nhu1nbwba_14T_audio.webm","accepted","6nhu1nbwba_14T_audio.webm"
"2130","
          <div class=""recording-instructions-box"">
            <h2>Read the sentence aloud</h2>
            <p>Take a moment to get ready. When you are ready to begin, click the button below to start recording.</p>
            <p class=""sentence-stimulus"">Some animals that lay eggs have belly buttons.</p>
          </div>
        ","0","html-button-response","273","810673","0.0-81.0-0.0","6nhu1nbwba","","","","","","","F1F","Some animals that lay eggs have belly buttons.","false","sentence_ready","","","","",""
"3724","
          <div class=""recording-instructions-box"">
            <h2>Recording in progress</h2>
            <p>Please read the sentence naturally, then click the button when you are done.</p>
            <p class=""sentence-stimulus"">Some animals that lay eggs have belly buttons.</p>
          </div>
        ","null","html-audio-response","274","814482","0.0-81.0-1.0","6nhu1nbwba","","","","","15","","F1F","Some animals that lay eggs have belly buttons.","false","sentence_recording","blob:https://charburnham.github.io/709593ec-1fa2-4cb7-8861-fb5351770847","1","6nhu1nbwba_F1F_audio.webm","",""
"618","
            <div class=""recording-instructions-box"">
              <h2>Review your recording</h2>
              <p>Listen to your recording for this sentence. If you want, you can record it again before moving on.</p>
              <p class=""sentence-stimulus"">Some animals that lay eggs have belly buttons.</p>
              <audio controls src=""blob:https://charburnham.github.io/709593ec-1fa2-4cb7-8861-fb5351770847"" class=""playback-audio""></audio>
            </div>
          ","0","html-button-response","275","815103","0.0-81.0-2.0","6nhu1nbwba","","","","","","not_uploaded_rerecorded","F1F","Some animals that lay eggs have belly buttons.","false","sentence_review","","1","6nhu1nbwba_F1F_audio.webm","rerecord","null"
"709","
          <div class=""recording-instructions-box"">
            <h2>Read the sentence aloud</h2>
            <p>Take a moment to get ready. When you are ready to begin, click the button below to start recording.</p>
            <p class=""sentence-stimulus"">Some animals that lay eggs have belly buttons.</p>
          </div>
        ","0","html-button-response","276","815814","0.0-81.1-0.1","6nhu1nbwba","","","","","","","F1F","Some animals that lay eggs have belly buttons.","false","sentence_ready","","","","",""
"3913","
          <div class=""recording-instructions-box"">
            <h2>Recording in progress</h2>
            <p>Please read the sentence naturally, then click the button when you are done.</p>
            <p class=""sentence-stimulus"">Some animals that lay eggs have belly buttons.</p>
          </div>
        ","null","html-audio-response","277","819799","0.0-81.1-1.1","6nhu1nbwba","","","","","8","","F1F","Some animals that lay eggs have belly buttons.","false","sentence_recording","blob:https://charburnham.github.io/95dcd2eb-b63b-44c2-96d0-2632b4be516a","2","6nhu1nbwba_F1F_audio.webm","",""
"706","
            <div class=""recording-instructions-box"">
              <h2>Review your recording</h2>
              <p>Listen to your recording for this sentence. If you want, you can record it again before moving on.</p>
              <p class=""sentence-stimulus"">Some animals that lay eggs have belly buttons.</p>
              <audio controls src=""blob:https://charburnham.github.io/95dcd2eb-b63b-44c2-96d0-2632b4be516a"" class=""playback-audio""></audio>
            </div>
          ","1","html-button-response","278","820507","0.0-81.1-2.1","6nhu1nbwba","","","","","","queued","F1F","Some animals that lay eggs have belly buttons.","false","sentence_review","","2","6nhu1nbwba_F1F_audio.webm","accepted","6nhu1nbwba_F1F_audio.webm"
"3841","
          <div class=""recording-instructions-box"">
            <h2>Read the sentence aloud</h2>
            <p>Take a moment to get ready. When you are ready to begin, click the button below to start recording.</p>
            <p class=""sentence-stimulus"">Camels have four eyelids on each eye.</p>
          </div>
        ","0","html-button-response","279","824352","0.0-82.0-0.0","6nhu1nbwba","","","","","","","32F","Camels have four eyelids on each eye.","false","sentence_ready","","","","",""
"3548","
          <div class=""recording-instructions-box"">
            <h2>Recording in progress</h2>
            <p>Please read the sentence naturally, then click the button when you are done.</p>
            <p class=""sentence-stimulus"">Camels have four eyelids on each eye.</p>
          </div>
        ","null","html-audio-response","280","827984","0.0-82.0-1.0","6nhu1nbwba","","","","","19","","32F","Camels have four eyelids on each eye.","false","sentence_recording","blob:https://charburnham.github.io/13a72102-da6f-44ad-9ef6-e303cb91e20f","1","6nhu1nbwba_32F_audio.webm","",""
"658","
            <div class=""recording-instructions-box"">
              <h2>Review your recording</h2>
              <p>Listen to your recording for this sentence. If you want, you can record it again before moving on.</p>
              <p class=""sentence-stimulus"">Camels have four eyelids on each eye.</p>
              <audio controls src=""blob:https://charburnham.github.io/13a72102-da6f-44ad-9ef6-e303cb91e20f"" class=""playback-audio""></audio>
            </div>
          ","1","html-button-response","281","828645","0.0-82.0-2.0","6nhu1nbwba","","","","","","queued","32F","Camels have four eyelids on each eye.","false","sentence_review","","1","6nhu1nbwba_32F_audio.webm","accepted","6nhu1nbwba_32F_audio.webm"
"879","
          <div class=""recording-instructions-box"">
            <h2>Read the sentence aloud</h2>
            <p>Take a moment to get ready. When you are ready to begin, click the button below to start recording.</p>
            <p class=""sentence-stimulus"">Automobiles were invented before traffic lights.</p>
          </div>
        ","0","html-button-response","282","829528","0.0-83.0-0.0","6nhu1nbwba","","","","","","","26F","Automobiles were invented before traffic lights.","false","sentence_ready","","","","",""
"3853","
          <div class=""recording-instructions-box"">
            <h2>Recording in progress</h2>
            <p>Please read the sentence naturally, then click the button when you are done.</p>
            <p class=""sentence-stimulus"">Automobiles were invented before traffic lights.</p>
          </div>
        ","null","html-audio-response","283","833468","0.0-83.0-1.0","6nhu1nbwba","","","","","15","","26F","Automobiles were invented before traffic lights.","false","sentence_recording","blob:https://charburnham.github.io/68ea49d5-14a7-4737-861a-044539c5182a","1","6nhu1nbwba_26F_audio.webm","",""
"474","
            <div class=""recording-instructions-box"">
              <h2>Review your recording</h2>
              <p>Listen to your recording for this sentence. If you want, you can record it again before moving on.</p>
              <p class=""sentence-stimulus"">Automobiles were invented before traffic lights.</p>
              <audio controls src=""blob:https://charburnham.github.io/68ea49d5-14a7-4737-861a-044539c5182a"" class=""playback-audio""></audio>
            </div>
          ","1","html-button-response","284","833944","0.0-83.0-2.0","6nhu1nbwba","","","","","","queued","26F","Automobiles were invented before traffic lights.","false","sentence_review","","1","6nhu1nbwba_26F_audio.webm","accepted","6nhu1nbwba_26F_audio.webm"
"813","
          <div class=""recording-instructions-box"">
            <h2>Read the sentence aloud</h2>
            <p>Take a moment to get ready. When you are ready to begin, click the button below to start recording.</p>
            <p class=""sentence-stimulus"">The starfish is the only animal that can turn its stomach inside out.</p>
          </div>
        ","0","html-button-response","285","834761","0.0-84.0-0.0","6nhu1nbwba","","","","","","","12T","The starfish is the only animal that can turn its stomach inside out.","true","sentence_ready","","","","",""
"5416","
          <div class=""recording-instructions-box"">
            <h2>Recording in progress</h2>
            <p>Please read the sentence naturally, then click the button when you are done.</p>
            <p class=""sentence-stimulus"">The starfish is the only animal that can turn its stomach inside out.</p>
          </div>
        ","null","html-audio-response","286","840250","0.0-84.0-1.0","6nhu1nbwba","","","","","3","","12T","The starfish is the only animal that can turn its stomach inside out.","true","sentence_recording","blob:https://charburnham.github.io/aec22b7c-af42-42db-9803-61933b67d843","1","6nhu1nbwba_12T_audio.webm","",""
"504","
            <div class=""recording-instructions-box"">
              <h2>Review your recording</h2>
              <p>Listen to your recording for this sentence. If you want, you can record it again before moving on.</p>
              <p class=""sentence-stimulus"">The starfish is the only animal that can turn its stomach inside out.</p>
              <audio controls src=""blob:https://charburnham.github.io/aec22b7c-af42-42db-9803-61933b67d843"" class=""playback-audio""></audio>
            </div>
          ","1","html-button-response","287","840758","0.0-84.0-2.0","6nhu1nbwba","","","","","","queued","12T","The starfish is the only animal that can turn its stomach inside out.","true","sentence_review","","1","6nhu1nbwba_12T_audio.webm","accepted","6nhu1nbwba_12T_audio.webm"
"870","
          <div class=""recording-instructions-box"">
            <h2>Read the sentence aloud</h2>
            <p>Take a moment to get ready. When you are ready to begin, click the button below to start recording.</p>
            <p class=""sentence-stimulus"">Venezuela currently has the highest murder rate of any country in the world.</p>
          </div>
        ","0","html-button-response","288","841632","0.0-85.0-0.0","6nhu1nbwba","","","","","","","F18F","Venezuela currently has the highest murder rate of any country in the world.","false","sentence_ready","","","","",""
"5836","
          <div class=""recording-instructions-box"">
            <h2>Recording in progress</h2>
            <p>Please read the sentence naturally, then click the button when you are done.</p>
            <p class=""sentence-stimulus"">Venezuela currently has the highest murder rate of any country in the world.</p>
          </div>
        ","null","html-audio-response","289","847550","0.0-85.0-1.0","6nhu1nbwba","","","","","6","","F18F","Venezuela currently has the highest murder rate of any country in the world.","false","sentence_recording","blob:https://charburnham.github.io/ffc784c6-6d4e-4038-89ea-2ba51c9e1503","1","6nhu1nbwba_F18F_audio.webm","",""
"589","
            <div class=""recording-instructions-box"">
              <h2>Review your recording</h2>
              <p>Listen to your recording for this sentence. If you want, you can record it again before moving on.</p>
              <p class=""sentence-stimulus"">Venezuela currently has the highest murder rate of any country in the world.</p>
              <audio controls src=""blob:https://charburnham.github.io/ffc784c6-6d4e-4038-89ea-2ba51c9e1503"" class=""playback-audio""></audio>
            </div>
          ","1","html-button-response","290","848142","0.0-85.0-2.0","6nhu1nbwba","","","","","","queued","F18F","Venezuela currently has the highest murder rate of any country in the world.","false","sentence_review","","1","6nhu1nbwba_F18F_audio.webm","accepted","6nhu1nbwba_F18F_audio.webm"
"1231","
          <div class=""recording-instructions-box"">
            <h2>Read the sentence aloud</h2>
            <p>Take a moment to get ready. When you are ready to begin, click the button below to start recording.</p>
            <p class=""sentence-stimulus"">The jaguar is the only cat that cannot retract its claws.</p>
          </div>
        ","0","html-button-response","291","849376","0.0-86.0-0.0","6nhu1nbwba","","","","","","","43F","The jaguar is the only cat that cannot retract its claws.","false","sentence_ready","","","","",""
"4244","
          <div class=""recording-instructions-box"">
            <h2>Recording in progress</h2>
            <p>Please read the sentence naturally, then click the button when you are done.</p>
            <p class=""sentence-stimulus"">The jaguar is the only cat that cannot retract its claws.</p>
          </div>
        ","null","html-audio-response","292","853700","0.0-86.0-1.0","6nhu1nbwba","","","","","15","","43F","The jaguar is the only cat that cannot retract its claws.","false","sentence_recording","blob:https://charburnham.github.io/39c95ca7-c84b-49bc-83a2-74d188110e1a","1","6nhu1nbwba_43F_audio.webm","",""
"687","
            <div class=""recording-instructions-box"">
              <h2>Review your recording</h2>
              <p>Listen to your recording for this sentence. If you want, you can record it again before moving on.</p>
              <p class=""sentence-stimulus"">The jaguar is the only cat that cannot retract its claws.</p>
              <audio controls src=""blob:https://charburnham.github.io/39c95ca7-c84b-49bc-83a2-74d188110e1a"" class=""playback-audio""></audio>
            </div>
          ","0","html-button-response","293","854389","0.0-86.0-2.0","6nhu1nbwba","","","","","","not_uploaded_rerecorded","43F","The jaguar is the only cat that cannot retract its claws.","false","sentence_review","","1","6nhu1nbwba_43F_audio.webm","rerecord","null"
"995","
          <div class=""recording-instructions-box"">
            <h2>Read the sentence aloud</h2>
            <p>Take a moment to get ready. When you are ready to begin, click the button below to start recording.</p>
            <p class=""sentence-stimulus"">The jaguar is the only cat that cannot retract its claws.</p>
          </div>
        ","0","html-button-response","294","855387","0.0-86.1-0.1","6nhu1nbwba","","","","","","","43F","The jaguar is the only cat that cannot retract its claws.","false","sentence_ready","","","","",""
"4436","
          <div class=""recording-instructions-box"">
            <h2>Recording in progress</h2>
            <p>Please read the sentence naturally, then click the button when you are done.</p>
            <p class=""sentence-stimulus"">The jaguar is the only cat that cannot retract its claws.</p>
          </div>
        ","null","html-audio-response","295","859900","0.0-86.1-1.1","6nhu1nbwba","","","","","6","","43F","The jaguar is the only cat that cannot retract its claws.","false","sentence_recording","blob:https://charburnham.github.io/cd281938-0acf-4c0e-8e10-eb7cc310430e","2","6nhu1nbwba_43F_audio.webm","",""
"590","
            <div class=""recording-instructions-box"">
              <h2>Review your recording</h2>
              <p>Listen to your recording for this sentence. If you want, you can record it again before moving on.</p>
              <p class=""sentence-stimulus"">The jaguar is the only cat that cannot retract its claws.</p>
              <audio controls src=""blob:https://charburnham.github.io/cd281938-0acf-4c0e-8e10-eb7cc310430e"" class=""playback-audio""></audio>
            </div>
          ","1","html-button-response","296","860492","0.0-86.1-2.1","6nhu1nbwba","","","","","","queued","43F","The jaguar is the only cat that cannot retract its claws.","false","sentence_review","","2","6nhu1nbwba_43F_audio.webm","accepted","6nhu1nbwba_43F_audio.webm"
"1116","
          <div class=""recording-instructions-box"">
            <h2>Read the sentence aloud</h2>
            <p>Take a moment to get ready. When you are ready to begin, click the button below to start recording.</p>
            <p class=""sentence-stimulus"">France's land area is smaller than Colombia's.</p>
          </div>
        ","0","html-button-response","297","861612","0.0-87.0-0.0","6nhu1nbwba","","","","","","","36T","France's land area is smaller than Colombia's.","true","sentence_ready","","","","",""
"4377","
          <div class=""recording-instructions-box"">
            <h2>Recording in progress</h2>
            <p>Please read the sentence naturally, then click the button when you are done.</p>
            <p class=""sentence-stimulus"">France's land area is smaller than Colombia's.</p>
          </div>
        ","null","html-audio-response","298","866066","0.0-87.0-1.0","6nhu1nbwba","","","","","8","","36T","France's land area is smaller than Colombia's.","true","sentence_recording","blob:https://charburnham.github.io/5a7a970f-5997-4fec-9d38-3b1d0c8de9ac","1","6nhu1nbwba_36T_audio.webm","",""
"1016","
            <div class=""recording-instructions-box"">
              <h2>Review your recording</h2>
              <p>Listen to your recording for this sentence. If you want, you can record it again before moving on.</p>
              <p class=""sentence-stimulus"">France's land area is smaller than Colombia's.</p>
              <audio controls src=""blob:https://charburnham.github.io/5a7a970f-5997-4fec-9d38-3b1d0c8de9ac"" class=""playback-audio""></audio>
            </div>
          ","1","html-button-response","299","867084","0.0-87.0-2.0","6nhu1nbwba","","","","","","queued","36T","France's land area is smaller than Colombia's.","true","sentence_review","","1","6nhu1nbwba_36T_audio.webm","accepted","6nhu1nbwba_36T_audio.webm"
"1091","
          <div class=""recording-instructions-box"">
            <h2>Read the sentence aloud</h2>
            <p>Take a moment to get ready. When you are ready to begin, click the button below to start recording.</p>
            <p class=""sentence-stimulus"">In colonial times, only slaves ate lobster.</p>
          </div>
        ","0","html-button-response","300","868179","0.0-88.0-0.0","6nhu1nbwba","","","","","","","F11T","In colonial times, only slaves ate lobster.","true","sentence_ready","","","","",""
"4091","
          <div class=""recording-instructions-box"">
            <h2>Recording in progress</h2>
            <p>Please read the sentence naturally, then click the button when you are done.</p>
            <p class=""sentence-stimulus"">In colonial times, only slaves ate lobster.</p>
          </div>
        ","null","html-audio-response","301","872350","0.0-88.0-1.0","6nhu1nbwba","","","","","16","","F11T","In colonial times, only slaves ate lobster.","true","sentence_recording","blob:https://charburnham.github.io/19d053ef-a157-4106-a08f-9d40f63f5c36","1","6nhu1nbwba_F11T_audio.webm","",""
"5001","
            <div class=""recording-instructions-box"">
              <h2>Review your recording</h2>
              <p>Listen to your recording for this sentence. If you want, you can record it again before moving on.</p>
              <p class=""sentence-stimulus"">In colonial times, only slaves ate lobster.</p>
              <audio controls src=""blob:https://charburnham.github.io/19d053ef-a157-4106-a08f-9d40f63f5c36"" class=""playback-audio""></audio>
            </div>
          ","1","html-button-response","302","877354","0.0-88.0-2.0","6nhu1nbwba","","","","","","queued","F11T","In colonial times, only slaves ate lobster.","true","sentence_review","","1","6nhu1nbwba_F11T_audio.webm","accepted","6nhu1nbwba_F11T_audio.webm"
"1420","
          <div class=""recording-instructions-box"">
            <h2>Read the sentence aloud</h2>
            <p>Take a moment to get ready. When you are ready to begin, click the button below to start recording.</p>
            <p class=""sentence-stimulus"">Tennis was invented before golf.</p>
          </div>
        ","0","html-button-response","303","878776","0.0-89.0-0.0","6nhu1nbwba","","","","","","","27T","Tennis was invented before golf.","true","sentence_ready","","","","",""
"3070","
          <div class=""recording-instructions-box"">
            <h2>Recording in progress</h2>
            <p>Please read the sentence naturally, then click the button when you are done.</p>
            <p class=""sentence-stimulus"">Tennis was invented before golf.</p>
          </div>
        ","null","html-audio-response","304","881934","0.0-89.0-1.0","6nhu1nbwba","","","","","17","","27T","Tennis was invented before golf.","true","sentence_recording","blob:https://charburnham.github.io/db3cb9ec-9577-4454-99af-adac7932d1d1","1","6nhu1nbwba_27T_audio.webm","",""
"688","
            <div class=""recording-instructions-box"">
              <h2>Review your recording</h2>
              <p>Listen to your recording for this sentence. If you want, you can record it again before moving on.</p>
              <p class=""sentence-stimulus"">Tennis was invented before golf.</p>
              <audio controls src=""blob:https://charburnham.github.io/db3cb9ec-9577-4454-99af-adac7932d1d1"" class=""playback-audio""></audio>
            </div>
          ","1","html-button-response","305","882624","0.0-89.0-2.0","6nhu1nbwba","","","","","","queued","27T","Tennis was invented before golf.","true","sentence_review","","1","6nhu1nbwba_27T_audio.webm","accepted","6nhu1nbwba_27T_audio.webm"
"895","
          <div class=""recording-instructions-box"">
            <h2>Read the sentence aloud</h2>
            <p>Take a moment to get ready. When you are ready to begin, click the button below to start recording.</p>
            <p class=""sentence-stimulus"">A male kangaroo is called a boomer.</p>
          </div>
        ","0","html-button-response","306","883524","0.0-90.0-0.0","6nhu1nbwba","","","","","","","16T","A male kangaroo is called a boomer.","true","sentence_ready","","","","",""
"3324","
          <div class=""recording-instructions-box"">
            <h2>Recording in progress</h2>
            <p>Please read the sentence naturally, then click the button when you are done.</p>
            <p class=""sentence-stimulus"">A male kangaroo is called a boomer.</p>
          </div>
        ","null","html-audio-response","307","886933","0.0-90.0-1.0","6nhu1nbwba","","","","","15","","16T","A male kangaroo is called a boomer.","true","sentence_recording","blob:https://charburnham.github.io/1fc83545-fc9c-47fd-b67f-540e9dd8912f","1","6nhu1nbwba_16T_audio.webm","",""
"553","
            <div class=""recording-instructions-box"">
              <h2>Review your recording</h2>
              <p>Listen to your recording for this sentence. If you want, you can record it again before moving on.</p>
              <p class=""sentence-stimulus"">A male kangaroo is called a boomer.</p>
              <audio controls src=""blob:https://charburnham.github.io/1fc83545-fc9c-47fd-b67f-540e9dd8912f"" class=""playback-audio""></audio>
            </div>
          ","1","html-button-response","308","887489","0.0-90.0-2.0","6nhu1nbwba","","","","","","queued","16T","A male kangaroo is called a boomer.","true","sentence_review","","1","6nhu1nbwba_16T_audio.webm","accepted","6nhu1nbwba_16T_audio.webm"
"1206","
          <div class=""recording-instructions-box"">
            <h2>Read the sentence aloud</h2>
            <p>Take a moment to get ready. When you are ready to begin, click the button below to start recording.</p>
            <p class=""sentence-stimulus"">The center of a star can be over 50 million degrees Fahrenheit.</p>
          </div>
        ","0","html-button-response","309","888698","0.0-91.0-0.0","6nhu1nbwba","","","","","","","48T","The center of a star can be over 50 million degrees Fahrenheit.","true","sentence_ready","","","","",""
"5685","
          <div class=""recording-instructions-box"">
            <h2>Recording in progress</h2>
            <p>Please read the sentence naturally, then click the button when you are done.</p>
            <p class=""sentence-stimulus"">The center of a star can be over 50 million degrees Fahrenheit.</p>
          </div>
        ","null","html-audio-response","310","894468","0.0-91.0-1.0","6nhu1nbwba","","","","","14","","48T","The center of a star can be over 50 million degrees Fahrenheit.","true","sentence_recording","blob:https://charburnham.github.io/dbe1216d-f468-4f15-bcda-681014ef0da9","1","6nhu1nbwba_48T_audio.webm","",""
"736","
            <div class=""recording-instructions-box"">
              <h2>Review your recording</h2>
              <p>Listen to your recording for this sentence. If you want, you can record it again before moving on.</p>
              <p class=""sentence-stimulus"">The center of a star can be over 50 million degrees Fahrenheit.</p>
              <audio controls src=""blob:https://charburnham.github.io/dbe1216d-f468-4f15-bcda-681014ef0da9"" class=""playback-audio""></audio>
            </div>
          ","1","html-button-response","311","895206","0.0-91.0-2.0","6nhu1nbwba","","","","","","queued","48T","The center of a star can be over 50 million degrees Fahrenheit.","true","sentence_review","","1","6nhu1nbwba_48T_audio.webm","accepted","6nhu1nbwba_48T_audio.webm"
"788","
          <div class=""recording-instructions-box"">
            <h2>Read the sentence aloud</h2>
            <p>Take a moment to get ready. When you are ready to begin, click the button below to start recording.</p>
            <p class=""sentence-stimulus"">Alabama is the only state that permits residents to cast absentee ballots from space.</p>
          </div>
        ","0","html-button-response","312","895999","0.0-92.0-0.0","6nhu1nbwba","","","","","","","14F","Alabama is the only state that permits residents to cast absentee ballots from space.","false","sentence_ready","","","","",""
"3937","
          <div class=""recording-instructions-box"">
            <h2>Recording in progress</h2>
            <p>Please read the sentence naturally, then click the button when you are done.</p>
            <p class=""sentence-stimulus"">Alabama is the only state that permits residents to cast absentee ballots from space.</p>
          </div>
        ","null","html-audio-response","313","900017","0.0-92.0-1.0","6nhu1nbwba","","","","","13","","14F","Alabama is the only state that permits residents to cast absentee ballots from space.","false","sentence_recording","blob:https://charburnham.github.io/3278995b-805c-417d-9da1-033051c534fa","1","6nhu1nbwba_14F_audio.webm","",""
"786","
            <div class=""recording-instructions-box"">
              <h2>Review your recording</h2>
              <p>Listen to your recording for this sentence. If you want, you can record it again before moving on.</p>
              <p class=""sentence-stimulus"">Alabama is the only state that permits residents to cast absentee ballots from space.</p>
              <audio controls src=""blob:https://charburnham.github.io/3278995b-805c-417d-9da1-033051c534fa"" class=""playback-audio""></audio>
            </div>
          ","0","html-button-response","314","900806","0.0-92.0-2.0","6nhu1nbwba","","","","","","not_uploaded_rerecorded","14F","Alabama is the only state that permits residents to cast absentee ballots from space.","false","sentence_review","","1","6nhu1nbwba_14F_audio.webm","rerecord","null"
"774","
          <div class=""recording-instructions-box"">
            <h2>Read the sentence aloud</h2>
            <p>Take a moment to get ready. When you are ready to begin, click the button below to start recording.</p>
            <p class=""sentence-stimulus"">Alabama is the only state that permits residents to cast absentee ballots from space.</p>
          </div>
        ","0","html-button-response","315","901582","0.0-92.1-0.1","6nhu1nbwba","","","","","","","14F","Alabama is the only state that permits residents to cast absentee ballots from space.","false","sentence_ready","","","","",""
"6485","
          <div class=""recording-instructions-box"">
            <h2>Recording in progress</h2>
            <p>Please read the sentence naturally, then click the button when you are done.</p>
            <p class=""sentence-stimulus"">Alabama is the only state that permits residents to cast absentee ballots from space.</p>
          </div>
        ","null","html-audio-response","316","908150","0.0-92.1-1.1","6nhu1nbwba","","","","","6","","14F","Alabama is the only state that permits residents to cast absentee ballots from space.","false","sentence_recording","blob:https://charburnham.github.io/f7c565f3-c442-4bb0-a547-f6d71fbc85a3","2","6nhu1nbwba_14F_audio.webm","",""
"769","
            <div class=""recording-instructions-box"">
              <h2>Review your recording</h2>
              <p>Listen to your recording for this sentence. If you want, you can record it again before moving on.</p>
              <p class=""sentence-stimulus"">Alabama is the only state that permits residents to cast absentee ballots from space.</p>
              <audio controls src=""blob:https://charburnham.github.io/f7c565f3-c442-4bb0-a547-f6d71fbc85a3"" class=""playback-audio""></audio>
            </div>
          ","1","html-button-response","317","908922","0.0-92.1-2.1","6nhu1nbwba","","","","","","queued","14F","Alabama is the only state that permits residents to cast absentee ballots from space.","false","sentence_review","","2","6nhu1nbwba_14F_audio.webm","accepted","6nhu1nbwba_14F_audio.webm"
"1836","
          <div class=""recording-instructions-box"">
            <h2>Read the sentence aloud</h2>
            <p>Take a moment to get ready. When you are ready to begin, click the button below to start recording.</p>
            <p class=""sentence-stimulus"">Animals that lay eggs don't have belly buttons.</p>
          </div>
        ","0","html-button-response","318","910762","0.0-93.0-0.0","6nhu1nbwba","","","","","","","F1T","Animals that lay eggs don't have belly buttons.","true","sentence_ready","","","","",""
"4261","
          <div class=""recording-instructions-box"">
            <h2>Recording in progress</h2>
            <p>Please read the sentence naturally, then click the button when you are done.</p>
            <p class=""sentence-stimulus"">Animals that lay eggs don't have belly buttons.</p>
          </div>
        ","null","html-audio-response","319","915100","0.0-93.0-1.0","6nhu1nbwba","","","","","9","","F1T","Animals that lay eggs don't have belly buttons.","true","sentence_recording","blob:https://charburnham.github.io/8959e556-567c-4c16-a184-2e1b843b8b97","1","6nhu1nbwba_F1T_audio.webm","",""
"844","
            <div class=""recording-instructions-box"">
              <h2>Review your recording</h2>
              <p>Listen to your recording for this sentence. If you want, you can record it again before moving on.</p>
              <p class=""sentence-stimulus"">Animals that lay eggs don't have belly buttons.</p>
              <audio controls src=""blob:https://charburnham.github.io/8959e556-567c-4c16-a184-2e1b843b8b97"" class=""playback-audio""></audio>
            </div>
          ","0","html-button-response","320","915947","0.0-93.0-2.0","6nhu1nbwba","","","","","","not_uploaded_rerecorded","F1T","Animals that lay eggs don't have belly buttons.","true","sentence_review","","1","6nhu1nbwba_F1T_audio.webm","rerecord","null"
"661","
          <div class=""recording-instructions-box"">
            <h2>Read the sentence aloud</h2>
            <p>Take a moment to get ready. When you are ready to begin, click the button below to start recording.</p>
            <p class=""sentence-stimulus"">Animals that lay eggs don't have belly buttons.</p>
          </div>
        ","0","html-button-response","321","916610","0.0-93.1-0.1","6nhu1nbwba","","","","","","","F1T","Animals that lay eggs don't have belly buttons.","true","sentence_ready","","","","",""
"4257","
          <div class=""recording-instructions-box"">
            <h2>Recording in progress</h2>
            <p>Please read the sentence naturally, then click the button when you are done.</p>
            <p class=""sentence-stimulus"">Animals that lay eggs don't have belly buttons.</p>
          </div>
        ","null","html-audio-response","322","920934","0.0-93.1-1.1","6nhu1nbwba","","","","","3","","F1T","Animals that lay eggs don't have belly buttons.","true","sentence_recording","blob:https://charburnham.github.io/eafab210-f43f-4b08-9a60-cf530c9391df","2","6nhu1nbwba_F1T_audio.webm","",""
"586","
            <div class=""recording-instructions-box"">
              <h2>Review your recording</h2>
              <p>Listen to your recording for this sentence. If you want, you can record it again before moving on.</p>
              <p class=""sentence-stimulus"">Animals that lay eggs don't have belly buttons.</p>
              <audio controls src=""blob:https://charburnham.github.io/eafab210-f43f-4b08-9a60-cf530c9391df"" class=""playback-audio""></audio>
            </div>
          ","1","html-button-response","323","921523","0.0-93.1-2.1","6nhu1nbwba","","","","","","queued","F1T","Animals that lay eggs don't have belly buttons.","true","sentence_review","","2","6nhu1nbwba_F1T_audio.webm","accepted","6nhu1nbwba_F1T_audio.webm"
"1223","
          <div class=""recording-instructions-box"">
            <h2>Read the sentence aloud</h2>
            <p>Take a moment to get ready. When you are ready to begin, click the button below to start recording.</p>
            <p class=""sentence-stimulus"">In Ancient Egypt, a yard was the length of a man's arm span.</p>
          </div>
        ","0","html-button-response","324","922749","0.0-94.0-0.0","6nhu1nbwba","","","","","","","F15F","In Ancient Egypt, a yard was the length of a man's arm span.","false","sentence_ready","","","","",""
"2327","
          <div class=""recording-instructions-box"">
            <h2>Recording in progress</h2>
            <p>Please read the sentence naturally, then click the button when you are done.</p>
            <p class=""sentence-stimulus"">In Ancient Egypt, a yard was the length of a man's arm span.</p>
          </div>
        ","null","html-audio-response","325","925150","0.0-94.0-1.0","6nhu1nbwba","","","","","13","","F15F","In Ancient Egypt, a yard was the length of a man's arm span.","false","sentence_recording","blob:https://charburnham.github.io/6316f1c3-00be-40c2-8022-81eff8aa6891","1","6nhu1nbwba_F15F_audio.webm","",""
"565","
            <div class=""recording-instructions-box"">
              <h2>Review your recording</h2>
              <p>Listen to your recording for this sentence. If you want, you can record it again before moving on.</p>
              <p class=""sentence-stimulus"">In Ancient Egypt, a yard was the length of a man's arm span.</p>
              <audio controls src=""blob:https://charburnham.github.io/6316f1c3-00be-40c2-8022-81eff8aa6891"" class=""playback-audio""></audio>
            </div>
          ","0","html-button-response","326","925718","0.0-94.0-2.0","6nhu1nbwba","","","","","","not_uploaded_rerecorded","F15F","In Ancient Egypt, a yard was the length of a man's arm span.","false","sentence_review","","1","6nhu1nbwba_F15F_audio.webm","rerecord","null"
"611","
          <div class=""recording-instructions-box"">
            <h2>Read the sentence aloud</h2>
            <p>Take a moment to get ready. When you are ready to begin, click the button below to start recording.</p>
            <p class=""sentence-stimulus"">In Ancient Egypt, a yard was the length of a man's arm span.</p>
          </div>
        ","0","html-button-response","327","926331","0.0-94.1-0.1","6nhu1nbwba","","","","","","","F15F","In Ancient Egypt, a yard was the length of a man's arm span.","false","sentence_ready","","","","",""
"2595","
          <div class=""recording-instructions-box"">
            <h2>Recording in progress</h2>
            <p>Please read the sentence naturally, then click the button when you are done.</p>
            <p class=""sentence-stimulus"">In Ancient Egypt, a yard was the length of a man's arm span.</p>
          </div>
        ","null","html-audio-response","328","929000","0.0-94.1-1.1","6nhu1nbwba","","","","","17","","F15F","In Ancient Egypt, a yard was the length of a man's arm span.","false","sentence_recording","blob:https://charburnham.github.io/a3c02836-c159-4225-945f-f21e90d25590","2","6nhu1nbwba_F15F_audio.webm","",""
"485","
            <div class=""recording-instructions-box"">
              <h2>Review your recording</h2>
              <p>Listen to your recording for this sentence. If you want, you can record it again before moving on.</p>
              <p class=""sentence-stimulus"">In Ancient Egypt, a yard was the length of a man's arm span.</p>
              <audio controls src=""blob:https://charburnham.github.io/a3c02836-c159-4225-945f-f21e90d25590"" class=""playback-audio""></audio>
            </div>
          ","0","html-button-response","329","929488","0.0-94.1-2.1","6nhu1nbwba","","","","","","not_uploaded_rerecorded","F15F","In Ancient Egypt, a yard was the length of a man's arm span.","false","sentence_review","","2","6nhu1nbwba_F15F_audio.webm","rerecord","null"
"831","
          <div class=""recording-instructions-box"">
            <h2>Read the sentence aloud</h2>
            <p>Take a moment to get ready. When you are ready to begin, click the button below to start recording.</p>
            <p class=""sentence-stimulus"">In Ancient Egypt, a yard was the length of a man's arm span.</p>
          </div>
        ","0","html-button-response","330","930322","0.0-94.2-0.2","6nhu1nbwba","","","","","","","F15F","In Ancient Egypt, a yard was the length of a man's arm span.","false","sentence_ready","","","","",""
"4639","
          <div class=""recording-instructions-box"">
            <h2>Recording in progress</h2>
            <p>Please read the sentence naturally, then click the button when you are done.</p>
            <p class=""sentence-stimulus"">In Ancient Egypt, a yard was the length of a man's arm span.</p>
          </div>
        ","null","html-audio-response","331","935051","0.0-94.2-1.2","6nhu1nbwba","","","","","22","","F15F","In Ancient Egypt, a yard was the length of a man's arm span.","false","sentence_recording","blob:https://charburnham.github.io/63b10c6b-be43-4fb9-9e8c-abe27597296c","3","6nhu1nbwba_F15F_audio.webm","",""
"622","
            <div class=""recording-instructions-box"">
              <h2>Review your recording</h2>
              <p>Listen to your recording for this sentence. If you want, you can record it again before moving on.</p>
              <p class=""sentence-stimulus"">In Ancient Egypt, a yard was the length of a man's arm span.</p>
              <audio controls src=""blob:https://charburnham.github.io/63b10c6b-be43-4fb9-9e8c-abe27597296c"" class=""playback-audio""></audio>
            </div>
          ","1","html-button-response","332","935676","0.0-94.2-2.2","6nhu1nbwba","","","","","","queued","F15F","In Ancient Egypt, a yard was the length of a man's arm span.","false","sentence_review","","3","6nhu1nbwba_F15F_audio.webm","accepted","6nhu1nbwba_F15F_audio.webm"
"2826","
          <div class=""recording-instructions-box"">
            <h2>Read the sentence aloud</h2>
            <p>Take a moment to get ready. When you are ready to begin, click the button below to start recording.</p>
            <p class=""sentence-stimulus"">James Madison was the shortest U.S. president.</p>
          </div>
        ","0","html-button-response","333","938505","0.0-95.0-0.0","6nhu1nbwba","","","","","","","40T","James Madison was the shortest U.S. president.","true","sentence_ready","","","","",""
"3689","
          <div class=""recording-instructions-box"">
            <h2>Recording in progress</h2>
            <p>Please read the sentence naturally, then click the button when you are done.</p>
            <p class=""sentence-stimulus"">James Madison was the shortest U.S. president.</p>
          </div>
        ","null","html-audio-response","334","942268","0.0-95.0-1.0","6nhu1nbwba","","","","","4","","40T","James Madison was the shortest U.S. president.","true","sentence_recording","blob:https://charburnham.github.io/c06ec783-b22a-4045-a5f9-bcd3fe8746f0","1","6nhu1nbwba_40T_audio.webm","",""
"789","
            <div class=""recording-instructions-box"">
              <h2>Review your recording</h2>
              <p>Listen to your recording for this sentence. If you want, you can record it again before moving on.</p>
              <p class=""sentence-stimulus"">James Madison was the shortest U.S. president.</p>
              <audio controls src=""blob:https://charburnham.github.io/c06ec783-b22a-4045-a5f9-bcd3fe8746f0"" class=""playback-audio""></audio>
            </div>
          ","1","html-button-response","335","943060","0.0-95.0-2.0","6nhu1nbwba","","","","","","queued","40T","James Madison was the shortest U.S. president.","true","sentence_review","","1","6nhu1nbwba_40T_audio.webm","accepted","6nhu1nbwba_40T_audio.webm"
"7032","
          <div class=""recording-instructions-box"">
            <h2>Read the sentence aloud</h2>
            <p>Take a moment to get ready. When you are ready to begin, click the button below to start recording.</p>
            <p class=""sentence-stimulus"">Honduras currently has the highest murder rate of any country in the world.</p>
          </div>
        ","0","html-button-response","336","950095","0.0-96.0-0.0","6nhu1nbwba","","","","","","","F18T","Honduras currently has the highest murder rate of any country in the world.","true","sentence_ready","","","","",""
"1767","
          <div class=""recording-instructions-box"">
            <h2>Recording in progress</h2>
            <p>Please read the sentence naturally, then click the button when you are done.</p>
            <p class=""sentence-stimulus"">Honduras currently has the highest murder rate of any country in the world.</p>
          </div>
        ","null","html-audio-response","337","951952","0.0-96.0-1.0","6nhu1nbwba","","","","","13","","F18T","Honduras currently has the highest murder rate of any country in the world.","true","sentence_recording","blob:https://charburnham.github.io/6584c5df-5eb7-4ca0-a67d-38dca0ae6429","1","6nhu1nbwba_F18T_audio.webm","",""
"839","
            <div class=""recording-instructions-box"">
              <h2>Review your recording</h2>
              <p>Listen to your recording for this sentence. If you want, you can record it again before moving on.</p>
              <p class=""sentence-stimulus"">Honduras currently has the highest murder rate of any country in the world.</p>
              <audio controls src=""blob:https://charburnham.github.io/6584c5df-5eb7-4ca0-a67d-38dca0ae6429"" class=""playback-audio""></audio>
            </div>
          ","0","html-button-response","338","952794","0.0-96.0-2.0","6nhu1nbwba","","","","","","not_uploaded_rerecorded","F18T","Honduras currently has the highest murder rate of any country in the world.","true","sentence_review","","1","6nhu1nbwba_F18T_audio.webm","rerecord","null"
"1520","
          <div class=""recording-instructions-box"">
            <h2>Read the sentence aloud</h2>
            <p>Take a moment to get ready. When you are ready to begin, click the button below to start recording.</p>
            <p class=""sentence-stimulus"">Honduras currently has the highest murder rate of any country in the world.</p>
          </div>
        ","0","html-button-response","339","954315","0.0-96.1-0.1","6nhu1nbwba","","","","","","","F18T","Honduras currently has the highest murder rate of any country in the world.","true","sentence_ready","","","","",""
"4825","
          <div class=""recording-instructions-box"">
            <h2>Recording in progress</h2>
            <p>Please read the sentence naturally, then click the button when you are done.</p>
            <p class=""sentence-stimulus"">Honduras currently has the highest murder rate of any country in the world.</p>
          </div>
        ","null","html-audio-response","340","959218","0.0-96.1-1.1","6nhu1nbwba","","","","","11","","F18T","Honduras currently has the highest murder rate of any country in the world.","true","sentence_recording","blob:https://charburnham.github.io/26e24308-5fb0-4ec0-b611-42b09c7f9a74","2","6nhu1nbwba_F18T_audio.webm","",""
"4410","
            <div class=""recording-instructions-box"">
              <h2>Review your recording</h2>
              <p>Listen to your recording for this sentence. If you want, you can record it again before moving on.</p>
              <p class=""sentence-stimulus"">Honduras currently has the highest murder rate of any country in the world.</p>
              <audio controls src=""blob:https://charburnham.github.io/26e24308-5fb0-4ec0-b611-42b09c7f9a74"" class=""playback-audio""></audio>
            </div>
          ","0","html-button-response","341","963631","0.0-96.1-2.1","6nhu1nbwba","","","","","","not_uploaded_rerecorded","F18T","Honduras currently has the highest murder rate of any country in the world.","true","sentence_review","","2","6nhu1nbwba_F18T_audio.webm","rerecord","null"
"778","
          <div class=""recording-instructions-box"">
            <h2>Read the sentence aloud</h2>
            <p>Take a moment to get ready. When you are ready to begin, click the button below to start recording.</p>
            <p class=""sentence-stimulus"">Honduras currently has the highest murder rate of any country in the world.</p>
          </div>
        ","0","html-button-response","342","964411","0.0-96.2-0.2","6nhu1nbwba","","","","","","","F18T","Honduras currently has the highest murder rate of any country in the world.","true","sentence_ready","","","","",""
"5042","
          <div class=""recording-instructions-box"">
            <h2>Recording in progress</h2>
            <p>Please read the sentence naturally, then click the button when you are done.</p>
            <p class=""sentence-stimulus"">Honduras currently has the highest murder rate of any country in the world.</p>
          </div>
        ","null","html-audio-response","343","969534","0.0-96.2-1.2","6nhu1nbwba","","","","","11","","F18T","Honduras currently has the highest murder rate of any country in the world.","true","sentence_recording","blob:https://charburnham.github.io/1048be18-247f-4f52-a7b1-908453c46603","3","6nhu1nbwba_F18T_audio.webm","",""
"531","
            <div class=""recording-instructions-box"">
              <h2>Review your recording</h2>
              <p>Listen to your recording for this sentence. If you want, you can record it again before moving on.</p>
              <p class=""sentence-stimulus"">Honduras currently has the highest murder rate of any country in the world.</p>
              <audio controls src=""blob:https://charburnham.github.io/1048be18-247f-4f52-a7b1-908453c46603"" class=""playback-audio""></audio>
            </div>
          ","1","html-button-response","344","970068","0.0-96.2-2.2","6nhu1nbwba","","","","","","queued","F18T","Honduras currently has the highest murder rate of any country in the world.","true","sentence_review","","3","6nhu1nbwba_F18T_audio.webm","accepted","6nhu1nbwba_F18T_audio.webm"
"920","
          <div class=""recording-instructions-box"">
            <h2>Read the sentence aloud</h2>
            <p>Take a moment to get ready. When you are ready to begin, click the button below to start recording.</p>
            <p class=""sentence-stimulus"">There are towns named Sandwich in Illinois and Massachusetts.</p>
          </div>
        ","0","html-button-response","345","970992","0.0-97.0-0.0","6nhu1nbwba","","","","","","","20T","There are towns named Sandwich in Illinois and Massachusetts.","true","sentence_ready","","","","",""
"4732","
          <div class=""recording-instructions-box"">
            <h2>Recording in progress</h2>
            <p>Please read the sentence naturally, then click the button when you are done.</p>
            <p class=""sentence-stimulus"">There are towns named Sandwich in Illinois and Massachusetts.</p>
          </div>
        ","null","html-audio-response","346","975803","0.0-97.0-1.0","6nhu1nbwba","","","","","13","","20T","There are towns named Sandwich in Illinois and Massachusetts.","true","sentence_recording","blob:https://charburnham.github.io/1e4490e5-270e-4b22-9fc6-f848b4797df5","1","6nhu1nbwba_20T_audio.webm","",""
"1083","
            <div class=""recording-instructions-box"">
              <h2>Review your recording</h2>
              <p>Listen to your recording for this sentence. If you want, you can record it again before moving on.</p>
              <p class=""sentence-stimulus"">There are towns named Sandwich in Illinois and Massachusetts.</p>
              <audio controls src=""blob:https://charburnham.github.io/1e4490e5-270e-4b22-9fc6-f848b4797df5"" class=""playback-audio""></audio>
            </div>
          ","1","html-button-response","347","976888","0.0-97.0-2.0","6nhu1nbwba","","","","","","queued","20T","There are towns named Sandwich in Illinois and Massachusetts.","true","sentence_review","","1","6nhu1nbwba_20T_audio.webm","accepted","6nhu1nbwba_20T_audio.webm"
"1451","
          <div class=""recording-instructions-box"">
            <h2>Read the sentence aloud</h2>
            <p>Take a moment to get ready. When you are ready to begin, click the button below to start recording.</p>
            <p class=""sentence-stimulus"">Blood makes up about 11% of your body's weight.</p>
          </div>
        ","0","html-button-response","348","978344","0.0-98.0-0.0","6nhu1nbwba","","","","","","","22F","Blood makes up about 11% of your body's weight.","false","sentence_ready","","","","",""
"1896","
          <div class=""recording-instructions-box"">
            <h2>Recording in progress</h2>
            <p>Please read the sentence naturally, then click the button when you are done.</p>
            <p class=""sentence-stimulus"">Blood makes up about 11% of your body's weight.</p>
          </div>
        ","null","html-audio-response","349","980318","0.0-98.0-1.0","6nhu1nbwba","","","","","13","","22F","Blood makes up about 11% of your body's weight.","false","sentence_recording","blob:https://charburnham.github.io/86600f34-f9a2-4885-a325-0534eebe5130","1","6nhu1nbwba_22F_audio.webm","",""
"689","
            <div class=""recording-instructions-box"">
              <h2>Review your recording</h2>
              <p>Listen to your recording for this sentence. If you want, you can record it again before moving on.</p>
              <p class=""sentence-stimulus"">Blood makes up about 11% of your body's weight.</p>
              <audio controls src=""blob:https://charburnham.github.io/86600f34-f9a2-4885-a325-0534eebe5130"" class=""playback-audio""></audio>
            </div>
          ","0","html-button-response","350","981010","0.0-98.0-2.0","6nhu1nbwba","","","","","","not_uploaded_rerecorded","22F","Blood makes up about 11% of your body's weight.","false","sentence_review","","1","6nhu1nbwba_22F_audio.webm","rerecord","null"
"790","
          <div class=""recording-instructions-box"">
            <h2>Read the sentence aloud</h2>
            <p>Take a moment to get ready. When you are ready to begin, click the button below to start recording.</p>
            <p class=""sentence-stimulus"">Blood makes up about 11% of your body's weight.</p>
          </div>
        ","0","html-button-response","351","981802","0.0-98.1-0.1","6nhu1nbwba","","","","","","","22F","Blood makes up about 11% of your body's weight.","false","sentence_ready","","","","",""
"4128","
          <div class=""recording-instructions-box"">
            <h2>Recording in progress</h2>
            <p>Please read the sentence naturally, then click the button when you are done.</p>
            <p class=""sentence-stimulus"">Blood makes up about 11% of your body's weight.</p>
          </div>
        ","null","html-audio-response","352","986001","0.0-98.1-1.1","6nhu1nbwba","","","","","4","","22F","Blood makes up about 11% of your body's weight.","false","sentence_recording","blob:https://charburnham.github.io/de78431a-b4d2-4afb-a2b3-22a43f1a0196","2","6nhu1nbwba_22F_audio.webm","",""
"582","
            <div class=""recording-instructions-box"">
              <h2>Review your recording</h2>
              <p>Listen to your recording for this sentence. If you want, you can record it again before moving on.</p>
              <p class=""sentence-stimulus"">Blood makes up about 11% of your body's weight.</p>
              <audio controls src=""blob:https://charburnham.github.io/de78431a-b4d2-4afb-a2b3-22a43f1a0196"" class=""playback-audio""></audio>
            </div>
          ","1","html-button-response","353","986586","0.0-98.1-2.1","6nhu1nbwba","","","","","","queued","22F","Blood makes up about 11% of your body's weight.","false","sentence_review","","2","6nhu1nbwba_22F_audio.webm","accepted","6nhu1nbwba_22F_audio.webm"
"986","
          <div class=""recording-instructions-box"">
            <h2>Read the sentence aloud</h2>
            <p>Take a moment to get ready. When you are ready to begin, click the button below to start recording.</p>
            <p class=""sentence-stimulus"">Half your body's red blood cells are replaced every seven days.</p>
          </div>
        ","0","html-button-response","354","987576","0.0-99.0-0.0","6nhu1nbwba","","","","","","","21T","Half your body's red blood cells are replaced every seven days.","true","sentence_ready","","","","",""
"4864","
          <div class=""recording-instructions-box"">
            <h2>Recording in progress</h2>
            <p>Please read the sentence naturally, then click the button when you are done.</p>
            <p class=""sentence-stimulus"">Half your body's red blood cells are replaced every seven days.</p>
          </div>
        ","null","html-audio-response","355","992518","0.0-99.0-1.0","6nhu1nbwba","","","","","17","","21T","Half your body's red blood cells are replaced every seven days.","true","sentence_recording","blob:https://charburnham.github.io/93853979-3d2b-4c6b-90ce-b9928ae42533","1","6nhu1nbwba_21T_audio.webm","",""
"542","
            <div class=""recording-instructions-box"">
              <h2>Review your recording</h2>
              <p>Listen to your recording for this sentence. If you want, you can record it again before moving on.</p>
              <p class=""sentence-stimulus"">Half your body's red blood cells are replaced every seven days.</p>
              <audio controls src=""blob:https://charburnham.github.io/93853979-3d2b-4c6b-90ce-b9928ae42533"" class=""playback-audio""></audio>
            </div>
          ","1","html-button-response","356","993063","0.0-99.0-2.0","6nhu1nbwba","","","","","","queued","21T","Half your body's red blood cells are replaced every seven days.","true","sentence_review","","1","6nhu1nbwba_21T_audio.webm","accepted","6nhu1nbwba_21T_audio.webm"
"1002","
          <div class=""recording-instructions-box"">
            <h2>Read the sentence aloud</h2>
            <p>Take a moment to get ready. When you are ready to begin, click the button below to start recording.</p>
            <p class=""sentence-stimulus"">In Ancient Egypt, a yard was the length of a man's arm from nose to tip.</p>
          </div>
        ","0","html-button-response","357","994068","0.0-100.0-0.0","6nhu1nbwba","","","","","","","F15T","In Ancient Egypt, a yard was the length of a man's arm from nose to tip.","true","sentence_ready","","","","",""
"6303","
          <div class=""recording-instructions-box"">
            <h2>Recording in progress</h2>
            <p>Please read the sentence naturally, then click the button when you are done.</p>
            <p class=""sentence-stimulus"">In Ancient Egypt, a yard was the length of a man's arm from nose to tip.</p>
          </div>
        ","null","html-audio-response","358","1000452","0.0-100.0-1.0","6nhu1nbwba","","","","","11","","F15T","In Ancient Egypt, a yard was the length of a man's arm from nose to tip.","true","sentence_recording","blob:https://charburnham.github.io/71c8c839-fe1d-4924-a423-7b18901a9696","1","6nhu1nbwba_F15T_audio.webm","",""
"2102","
            <div class=""recording-instructions-box"">
              <h2>Review your recording</h2>
              <p>Listen to your recording for this sentence. If you want, you can record it again before moving on.</p>
              <p class=""sentence-stimulus"">In Ancient Egypt, a yard was the length of a man's arm from nose to tip.</p>
              <audio controls src=""blob:https://charburnham.github.io/71c8c839-fe1d-4924-a423-7b18901a9696"" class=""playback-audio""></audio>
            </div>
          ","1","html-button-response","359","1002556","0.0-100.0-2.0","6nhu1nbwba","","","","","","queued","F15T","In Ancient Egypt, a yard was the length of a man's arm from nose to tip.","true","sentence_review","","1","6nhu1nbwba_F15T_audio.webm","accepted","6nhu1nbwba_F15T_audio.webm"
"1312","
          <div class=""recording-instructions-box"">
            <h2>Read the sentence aloud</h2>
            <p>Take a moment to get ready. When you are ready to begin, click the button below to start recording.</p>
            <p class=""sentence-stimulus"">Children tend to grow faster in the winter.</p>
          </div>
        ","0","html-button-response","360","1003872","0.0-101.0-0.0","6nhu1nbwba","","","","","","","F12F","Children tend to grow faster in the winter.","false","sentence_ready","","","","",""
"3272","
          <div class=""recording-instructions-box"">
            <h2>Recording in progress</h2>
            <p>Please read the sentence naturally, then click the button when you are done.</p>
            <p class=""sentence-stimulus"">Children tend to grow faster in the winter.</p>
          </div>
        ","null","html-audio-response","361","1007235","0.0-101.0-1.0","6nhu1nbwba","","","","","17","","F12F","Children tend to grow faster in the winter.","false","sentence_recording","blob:https://charburnham.github.io/dede7f91-c3cd-45b0-b061-363fda503e21","1","6nhu1nbwba_F12F_audio.webm","",""
"600","
            <div class=""recording-instructions-box"">
              <h2>Review your recording</h2>
              <p>Listen to your recording for this sentence. If you want, you can record it again before moving on.</p>
              <p class=""sentence-stimulus"">Children tend to grow faster in the winter.</p>
              <audio controls src=""blob:https://charburnham.github.io/dede7f91-c3cd-45b0-b061-363fda503e21"" class=""playback-audio""></audio>
            </div>
          ","1","html-button-response","362","1007838","0.0-101.0-2.0","6nhu1nbwba","","","","","","queued","F12F","Children tend to grow faster in the winter.","false","sentence_review","","1","6nhu1nbwba_F12F_audio.webm","accepted","6nhu1nbwba_F12F_audio.webm"
"1059","
          <div class=""recording-instructions-box"">
            <h2>Read the sentence aloud</h2>
            <p>Take a moment to get ready. When you are ready to begin, click the button below to start recording.</p>
            <p class=""sentence-stimulus"">An iceberg contains significantly more total heat energy than a burning match.</p>
          </div>
        ","0","html-button-response","363","1008901","0.0-102.0-0.0","6nhu1nbwba","","","","","","","1T","An iceberg contains significantly more total heat energy than a burning match.","true","sentence_ready","","","","",""
"5336","
          <div class=""recording-instructions-box"">
            <h2>Recording in progress</h2>
            <p>Please read the sentence naturally, then click the button when you are done.</p>
            <p class=""sentence-stimulus"">An iceberg contains significantly more total heat energy than a burning match.</p>
          </div>
        ","null","html-audio-response","364","1014319","0.0-102.0-1.0","6nhu1nbwba","","","","","14","","1T","An iceberg contains significantly more total heat energy than a burning match.","true","sentence_recording","blob:https://charburnham.github.io/862de855-c069-4b84-b4d4-1d2ee19f5ac8","1","6nhu1nbwba_1T_audio.webm","",""
"582","
            <div class=""recording-instructions-box"">
              <h2>Review your recording</h2>
              <p>Listen to your recording for this sentence. If you want, you can record it again before moving on.</p>
              <p class=""sentence-stimulus"">An iceberg contains significantly more total heat energy than a burning match.</p>
              <audio controls src=""blob:https://charburnham.github.io/862de855-c069-4b84-b4d4-1d2ee19f5ac8"" class=""playback-audio""></audio>
            </div>
          ","1","html-button-response","365","1014904","0.0-102.0-2.0","6nhu1nbwba","","","","","","queued","1T","An iceberg contains significantly more total heat energy than a burning match.","true","sentence_review","","1","6nhu1nbwba_1T_audio.webm","accepted","6nhu1nbwba_1T_audio.webm"
"984","
          <div class=""recording-instructions-box"">
            <h2>Read the sentence aloud</h2>
            <p>Take a moment to get ready. When you are ready to begin, click the button below to start recording.</p>
            <p class=""sentence-stimulus"">Women blink more frequently than do men.</p>
          </div>
        ","0","html-button-response","366","1015891","0.0-103.0-0.0","6nhu1nbwba","","","","","","","F19T","Women blink more frequently than do men.","true","sentence_ready","","","","",""
"3394","
          <div class=""recording-instructions-box"">
            <h2>Recording in progress</h2>
            <p>Please read the sentence naturally, then click the button when you are done.</p>
            <p class=""sentence-stimulus"">Women blink more frequently than do men.</p>
          </div>
        ","null","html-audio-response","367","1019351","0.0-103.0-1.0","6nhu1nbwba","","","","","7","","F19T","Women blink more frequently than do men.","true","sentence_recording","blob:https://charburnham.github.io/e2c312ad-45c3-4f59-b37d-6f2a01f0e633","1","6nhu1nbwba_F19T_audio.webm","",""
"595","
            <div class=""recording-instructions-box"">
              <h2>Review your recording</h2>
              <p>Listen to your recording for this sentence. If you want, you can record it again before moving on.</p>
              <p class=""sentence-stimulus"">Women blink more frequently than do men.</p>
              <audio controls src=""blob:https://charburnham.github.io/e2c312ad-45c3-4f59-b37d-6f2a01f0e633"" class=""playback-audio""></audio>
            </div>
          ","1","html-button-response","368","1019949","0.0-103.0-2.0","6nhu1nbwba","","","","","","queued","F19T","Women blink more frequently than do men.","true","sentence_review","","1","6nhu1nbwba_F19T_audio.webm","accepted","6nhu1nbwba_F19T_audio.webm"
"910","
          <div class=""recording-instructions-box"">
            <h2>Read the sentence aloud</h2>
            <p>Take a moment to get ready. When you are ready to begin, click the button below to start recording.</p>
            <p class=""sentence-stimulus"">Tapeworms can reach up to 200 feet in length.</p>
          </div>
        ","0","html-button-response","369","1020864","0.0-104.0-0.0","6nhu1nbwba","","","","","","","47F","Tapeworms can reach up to 200 feet in length.","false","sentence_ready","","","","",""
"4230","
          <div class=""recording-instructions-box"">
            <h2>Recording in progress</h2>
            <p>Please read the sentence naturally, then click the button when you are done.</p>
            <p class=""sentence-stimulus"">Tapeworms can reach up to 200 feet in length.</p>
          </div>
        ","null","html-audio-response","370","1025168","0.0-104.0-1.0","6nhu1nbwba","","","","","11","","47F","Tapeworms can reach up to 200 feet in length.","false","sentence_recording","blob:https://charburnham.github.io/33f54d62-7776-4165-9182-0921fb11d540","1","6nhu1nbwba_47F_audio.webm","",""
"649","
            <div class=""recording-instructions-box"">
              <h2>Review your recording</h2>
              <p>Listen to your recording for this sentence. If you want, you can record it again before moving on.</p>
              <p class=""sentence-stimulus"">Tapeworms can reach up to 200 feet in length.</p>
              <audio controls src=""blob:https://charburnham.github.io/33f54d62-7776-4165-9182-0921fb11d540"" class=""playback-audio""></audio>
            </div>
          ","1","html-button-response","371","1025820","0.0-104.0-2.0","6nhu1nbwba","","","","","","queued","47F","Tapeworms can reach up to 200 feet in length.","false","sentence_review","","1","6nhu1nbwba_47F_audio.webm","accepted","6nhu1nbwba_47F_audio.webm"
"984","
          <div class=""recording-instructions-box"">
            <h2>Read the sentence aloud</h2>
            <p>Take a moment to get ready. When you are ready to begin, click the button below to start recording.</p>
            <p class=""sentence-stimulus"">A crocodile can stick its tongue out further than any other animal.</p>
          </div>
        ","0","html-button-response","372","1026808","0.0-105.0-0.0","6nhu1nbwba","","","","","","","F4T","A crocodile can stick its tongue out further than any other animal.","true","sentence_ready","","","","",""
"4683","
          <div class=""recording-instructions-box"">
            <h2>Recording in progress</h2>
            <p>Please read the sentence naturally, then click the button when you are done.</p>
            <p class=""sentence-stimulus"">A crocodile can stick its tongue out further than any other animal.</p>
          </div>
        ","null","html-audio-response","373","1031569","0.0-105.0-1.0","6nhu1nbwba","","","","","4","","F4T","A crocodile can stick its tongue out further than any other animal.","true","sentence_recording","blob:https://charburnham.github.io/a04b4400-ad5e-48cf-b74f-27381f5677da","1","6nhu1nbwba_F4T_audio.webm","",""
"658","
            <div class=""recording-instructions-box"">
              <h2>Review your recording</h2>
              <p>Listen to your recording for this sentence. If you want, you can record it again before moving on.</p>
              <p class=""sentence-stimulus"">A crocodile can stick its tongue out further than any other animal.</p>
              <audio controls src=""blob:https://charburnham.github.io/a04b4400-ad5e-48cf-b74f-27381f5677da"" class=""playback-audio""></audio>
            </div>
          ","1","html-button-response","374","1032231","0.0-105.0-2.0","6nhu1nbwba","","","","","","queued","F4T","A crocodile can stick its tongue out further than any other animal.","true","sentence_review","","1","6nhu1nbwba_F4T_audio.webm","accepted","6nhu1nbwba_F4T_audio.webm"
"814","
          <div class=""recording-instructions-box"">
            <h2>Read the sentence aloud</h2>
            <p>Take a moment to get ready. When you are ready to begin, click the button below to start recording.</p>
            <p class=""sentence-stimulus"">A honeybee can fly at 35 mph.</p>
          </div>
        ","0","html-button-response","375","1033048","0.0-106.0-0.0","6nhu1nbwba","","","","","","","5F","A honeybee can fly at 35 mph.","false","sentence_ready","","","","",""
"4033","
          <div class=""recording-instructions-box"">
            <h2>Recording in progress</h2>
            <p>Please read the sentence naturally, then click the button when you are done.</p>
            <p class=""sentence-stimulus"">A honeybee can fly at 35 mph.</p>
          </div>
        ","null","html-audio-response","376","1037169","0.0-106.0-1.0","6nhu1nbwba","","","","","14","","5F","A honeybee can fly at 35 mph.","false","sentence_recording","blob:https://charburnham.github.io/198da8e2-0092-47d8-a4da-a35997e1df80","1","6nhu1nbwba_5F_audio.webm","",""
"554","
            <div class=""recording-instructions-box"">
              <h2>Review your recording</h2>
              <p>Listen to your recording for this sentence. If you want, you can record it again before moving on.</p>
              <p class=""sentence-stimulus"">A honeybee can fly at 35 mph.</p>
              <audio controls src=""blob:https://charburnham.github.io/198da8e2-0092-47d8-a4da-a35997e1df80"" class=""playback-audio""></audio>
            </div>
          ","1","html-button-response","377","1037725","0.0-106.0-2.0","6nhu1nbwba","","","","","","queued","5F","A honeybee can fly at 35 mph.","false","sentence_review","","1","6nhu1nbwba_5F_audio.webm","accepted","6nhu1nbwba_5F_audio.webm"
"1238","
          <div class=""recording-instructions-box"">
            <h2>Read the sentence aloud</h2>
            <p>Take a moment to get ready. When you are ready to begin, click the button below to start recording.</p>
            <p class=""sentence-stimulus"">The state of Montana does not observe daylight savings time.</p>
          </div>
        ","0","html-button-response","378","1038967","0.0-107.0-0.0","6nhu1nbwba","","","","","","","F8F","The state of Montana does not observe daylight savings time.","false","sentence_ready","","","","",""
"4624","
          <div class=""recording-instructions-box"">
            <h2>Recording in progress</h2>
            <p>Please read the sentence naturally, then click the button when you are done.</p>
            <p class=""sentence-stimulus"">The state of Montana does not observe daylight savings time.</p>
          </div>
        ","null","html-audio-response","379","1043669","0.0-107.0-1.0","6nhu1nbwba","","","","","10","","F8F","The state of Montana does not observe daylight savings time.","false","sentence_recording","blob:https://charburnham.github.io/1aa6fdfc-e41c-48b3-9b09-0636146acd2d","1","6nhu1nbwba_F8F_audio.webm","",""
"569","
            <div class=""recording-instructions-box"">
              <h2>Review your recording</h2>
              <p>Listen to your recording for this sentence. If you want, you can record it again before moving on.</p>
              <p class=""sentence-stimulus"">The state of Montana does not observe daylight savings time.</p>
              <audio controls src=""blob:https://charburnham.github.io/1aa6fdfc-e41c-48b3-9b09-0636146acd2d"" class=""playback-audio""></audio>
            </div>
          ","1","html-button-response","380","1044241","0.0-107.0-2.0","6nhu1nbwba","","","","","","queued","F8F","The state of Montana does not observe daylight savings time.","false","sentence_review","","1","6nhu1nbwba_F8F_audio.webm","accepted","6nhu1nbwba_F8F_audio.webm"
"994","
          <div class=""recording-instructions-box"">
            <h2>Read the sentence aloud</h2>
            <p>Take a moment to get ready. When you are ready to begin, click the button below to start recording.</p>
            <p class=""sentence-stimulus"">Coca Cola is only brown because of food coloring.</p>
          </div>
        ","0","html-button-response","381","1045238","0.0-108.0-0.0","6nhu1nbwba","","","","","","","F17T","Coca Cola is only brown because of food coloring.","true","sentence_ready","","","","",""
"3820","
          <div class=""recording-instructions-box"">
            <h2>Recording in progress</h2>
            <p>Please read the sentence naturally, then click the button when you are done.</p>
            <p class=""sentence-stimulus"">Coca Cola is only brown because of food coloring.</p>
          </div>
        ","null","html-audio-response","382","1049135","0.0-108.0-1.0","6nhu1nbwba","","","","","7","","F17T","Coca Cola is only brown because of food coloring.","true","sentence_recording","blob:https://charburnham.github.io/a256919b-1ae1-4cb8-9e6e-965c0575baf4","1","6nhu1nbwba_F17T_audio.webm","",""
"900","
            <div class=""recording-instructions-box"">
              <h2>Review your recording</h2>
              <p>Listen to your recording for this sentence. If you want, you can record it again before moving on.</p>
              <p class=""sentence-stimulus"">Coca Cola is only brown because of food coloring.</p>
              <audio controls src=""blob:https://charburnham.github.io/a256919b-1ae1-4cb8-9e6e-965c0575baf4"" class=""playback-audio""></audio>
            </div>
          ","1","html-button-response","383","1050038","0.0-108.0-2.0","6nhu1nbwba","","","","","","queued","F17T","Coca Cola is only brown because of food coloring.","true","sentence_review","","1","6nhu1nbwba_F17T_audio.webm","accepted","6nhu1nbwba_F17T_audio.webm"
"1076","
          <div class=""recording-instructions-box"">
            <h2>Read the sentence aloud</h2>
            <p>Take a moment to get ready. When you are ready to begin, click the button below to start recording.</p>
            <p class=""sentence-stimulus"">Jellyfish have two hearts.</p>
          </div>
        ","0","html-button-response","384","1051118","0.0-109.0-0.0","6nhu1nbwba","","","","","","","25F","Jellyfish have two hearts.","false","sentence_ready","","","","",""
"2850","
          <div class=""recording-instructions-box"">
            <h2>Recording in progress</h2>
            <p>Please read the sentence naturally, then click the button when you are done.</p>
            <p class=""sentence-stimulus"">Jellyfish have two hearts.</p>
          </div>
        ","null","html-audio-response","385","1054055","0.0-109.0-1.0","6nhu1nbwba","","","","","11","","25F","Jellyfish have two hearts.","false","sentence_recording","blob:https://charburnham.github.io/5096b583-ec8b-4b65-94fd-376582499ca1","1","6nhu1nbwba_25F_audio.webm","",""
"699","
            <div class=""recording-instructions-box"">
              <h2>Review your recording</h2>
              <p>Listen to your recording for this sentence. If you want, you can record it again before moving on.</p>
              <p class=""sentence-stimulus"">Jellyfish have two hearts.</p>
              <audio controls src=""blob:https://charburnham.github.io/5096b583-ec8b-4b65-94fd-376582499ca1"" class=""playback-audio""></audio>
            </div>
          ","1","html-button-response","386","1054756","0.0-109.0-2.0","6nhu1nbwba","","","","","","queued","25F","Jellyfish have two hearts.","false","sentence_review","","1","6nhu1nbwba_25F_audio.webm","accepted","6nhu1nbwba_25F_audio.webm"
"707","
          <div class=""recording-instructions-box"">
            <h2>Read the sentence aloud</h2>
            <p>Take a moment to get ready. When you are ready to begin, click the button below to start recording.</p>
            <p class=""sentence-stimulus"">Germany was the first country to use a submarine in warfare.</p>
          </div>
        ","0","html-button-response","387","1055467","0.0-110.0-0.0","6nhu1nbwba","","","","","","","49F","Germany was the first country to use a submarine in warfare.","false","sentence_ready","","","","",""
"4511","
          <div class=""recording-instructions-box"">
            <h2>Recording in progress</h2>
            <p>Please read the sentence naturally, then click the button when you are done.</p>
            <p class=""sentence-stimulus"">Germany was the first country to use a submarine in warfare.</p>
          </div>
        ","null","html-audio-response","388","1060052","0.0-110.0-1.0","6nhu1nbwba","","","","","11","","49F","Germany was the first country to use a submarine in warfare.","false","sentence_recording","blob:https://charburnham.github.io/038ee3bc-471a-4c79-aa12-cf6e25671272","1","6nhu1nbwba_49F_audio.webm","",""
"557","
            <div class=""recording-instructions-box"">
              <h2>Review your recording</h2>
              <p>Listen to your recording for this sentence. If you want, you can record it again before moving on.</p>
              <p class=""sentence-stimulus"">Germany was the first country to use a submarine in warfare.</p>
              <audio controls src=""blob:https://charburnham.github.io/038ee3bc-471a-4c79-aa12-cf6e25671272"" class=""playback-audio""></audio>
            </div>
          ","1","html-button-response","389","1060611","0.0-110.0-2.0","6nhu1nbwba","","","","","","queued","49F","Germany was the first country to use a submarine in warfare.","false","sentence_review","","1","6nhu1nbwba_49F_audio.webm","accepted","6nhu1nbwba_49F_audio.webm"
"935","
          <div class=""recording-instructions-box"">
            <h2>Read the sentence aloud</h2>
            <p>Take a moment to get ready. When you are ready to begin, click the button below to start recording.</p>
            <p class=""sentence-stimulus"">The first VCR was made in 1973.</p>
          </div>
        ","0","html-button-response","390","1061550","0.0-111.0-0.0","6nhu1nbwba","","","","","","","F14F","The first VCR was made in 1973.","false","sentence_ready","","","","",""
"4691","
          <div class=""recording-instructions-box"">
            <h2>Recording in progress</h2>
            <p>Please read the sentence naturally, then click the button when you are done.</p>
            <p class=""sentence-stimulus"">The first VCR was made in 1973.</p>
          </div>
        ","null","html-audio-response","391","1066319","0.0-111.0-1.0","6nhu1nbwba","","","","","15","","F14F","The first VCR was made in 1973.","false","sentence_recording","blob:https://charburnham.github.io/2af512aa-fac1-4313-9a85-111a0d03c9b5","1","6nhu1nbwba_F14F_audio.webm","",""
"659","
            <div class=""recording-instructions-box"">
              <h2>Review your recording</h2>
              <p>Listen to your recording for this sentence. If you want, you can record it again before moving on.</p>
              <p class=""sentence-stimulus"">The first VCR was made in 1973.</p>
              <audio controls src=""blob:https://charburnham.github.io/2af512aa-fac1-4313-9a85-111a0d03c9b5"" class=""playback-audio""></audio>
            </div>
          ","1","html-button-response","392","1066981","0.0-111.0-2.0","6nhu1nbwba","","","","","","queued","F14F","The first VCR was made in 1973.","false","sentence_review","","1","6nhu1nbwba_F14F_audio.webm","accepted","6nhu1nbwba_F14F_audio.webm"
"813","
          <div class=""recording-instructions-box"">
            <h2>Read the sentence aloud</h2>
            <p>Take a moment to get ready. When you are ready to begin, click the button below to start recording.</p>
            <p class=""sentence-stimulus"">A group of crows is called a crew.</p>
          </div>
        ","0","html-button-response","393","1067798","0.0-112.0-0.0","6nhu1nbwba","","","","","","","34F","A group of crows is called a crew.","false","sentence_ready","","","","",""
"3003","
          <div class=""recording-instructions-box"">
            <h2>Recording in progress</h2>
            <p>Please read the sentence naturally, then click the button when you are done.</p>
            <p class=""sentence-stimulus"">A group of crows is called a crew.</p>
          </div>
        ","null","html-audio-response","394","1070886","0.0-112.0-1.0","6nhu1nbwba","","","","","15","","34F","A group of crows is called a crew.","false","sentence_recording","blob:https://charburnham.github.io/3a89e411-78f5-4d62-a46f-ef7aaaab2e35","1","6nhu1nbwba_34F_audio.webm","",""
"565","
            <div class=""recording-instructions-box"">
              <h2>Review your recording</h2>
              <p>Listen to your recording for this sentence. If you want, you can record it again before moving on.</p>
              <p class=""sentence-stimulus"">A group of crows is called a crew.</p>
              <audio controls src=""blob:https://charburnham.github.io/3a89e411-78f5-4d62-a46f-ef7aaaab2e35"" class=""playback-audio""></audio>
            </div>
          ","1","html-button-response","395","1071453","0.0-112.0-2.0","6nhu1nbwba","","","","","","queued","34F","A group of crows is called a crew.","false","sentence_review","","1","6nhu1nbwba_34F_audio.webm","accepted","6nhu1nbwba_34F_audio.webm"
"1149","
          <div class=""recording-instructions-box"">
            <h2>Read the sentence aloud</h2>
            <p>Take a moment to get ready. When you are ready to begin, click the button below to start recording.</p>
            <p class=""sentence-stimulus"">Jupiter's mass is more than 400 times that of the earth.</p>
          </div>
        ","0","html-button-response","396","1072606","0.0-113.0-0.0","6nhu1nbwba","","","","","","","52F","Jupiter's mass is more than 400 times that of the earth.","false","sentence_ready","","","","",""
"5478","
          <div class=""recording-instructions-box"">
            <h2>Recording in progress</h2>
            <p>Please read the sentence naturally, then click the button when you are done.</p>
            <p class=""sentence-stimulus"">Jupiter's mass is more than 400 times that of the earth.</p>
          </div>
        ","null","html-audio-response","397","1078152","0.0-113.0-1.0","6nhu1nbwba","","","","","6","","52F","Jupiter's mass is more than 400 times that of the earth.","false","sentence_recording","blob:https://charburnham.github.io/f2a9c3bc-4125-4955-9f09-f9c59185203d","1","6nhu1nbwba_52F_audio.webm","",""
"1295","
            <div class=""recording-instructions-box"">
              <h2>Review your recording</h2>
              <p>Listen to your recording for this sentence. If you want, you can record it again before moving on.</p>
              <p class=""sentence-stimulus"">Jupiter's mass is more than 400 times that of the earth.</p>
              <audio controls src=""blob:https://charburnham.github.io/f2a9c3bc-4125-4955-9f09-f9c59185203d"" class=""playback-audio""></audio>
            </div>
          ","0","html-button-response","398","1079450","0.0-113.0-2.0","6nhu1nbwba","","","","","","not_uploaded_rerecorded","52F","Jupiter's mass is more than 400 times that of the earth.","false","sentence_review","","1","6nhu1nbwba_52F_audio.webm","rerecord","null"
"684","
          <div class=""recording-instructions-box"">
            <h2>Read the sentence aloud</h2>
            <p>Take a moment to get ready. When you are ready to begin, click the button below to start recording.</p>
            <p class=""sentence-stimulus"">Jupiter's mass is more than 400 times that of the earth.</p>
          </div>
        ","0","html-button-response","399","1080137","0.0-113.1-0.1","6nhu1nbwba","","","","","","","52F","Jupiter's mass is more than 400 times that of the earth.","false","sentence_ready","","","","",""
"4461","
          <div class=""recording-instructions-box"">
            <h2>Recording in progress</h2>
            <p>Please read the sentence naturally, then click the button when you are done.</p>
            <p class=""sentence-stimulus"">Jupiter's mass is more than 400 times that of the earth.</p>
          </div>
        ","null","html-audio-response","400","1084668","0.0-113.1-1.1","6nhu1nbwba","","","","","8","","52F","Jupiter's mass is more than 400 times that of the earth.","false","sentence_recording","blob:https://charburnham.github.io/a02fc213-edb3-49bc-8948-ceb49bacc10a","2","6nhu1nbwba_52F_audio.webm","",""
"518","
            <div class=""recording-instructions-box"">
              <h2>Review your recording</h2>
              <p>Listen to your recording for this sentence. If you want, you can record it again before moving on.</p>
              <p class=""sentence-stimulus"">Jupiter's mass is more than 400 times that of the earth.</p>
              <audio controls src=""blob:https://charburnham.github.io/a02fc213-edb3-49bc-8948-ceb49bacc10a"" class=""playback-audio""></audio>
            </div>
          ","1","html-button-response","401","1085189","0.0-113.1-2.1","6nhu1nbwba","","","","","","queued","52F","Jupiter's mass is more than 400 times that of the earth.","false","sentence_review","","2","6nhu1nbwba_52F_audio.webm","accepted","6nhu1nbwba_52F_audio.webm"
"986","
          <div class=""recording-instructions-box"">
            <h2>Read the sentence aloud</h2>
            <p>Take a moment to get ready. When you are ready to begin, click the button below to start recording.</p>
            <p class=""sentence-stimulus"">Only male mosquitoes bite.</p>
          </div>
        ","0","html-button-response","402","1086179","0.0-114.0-0.0","6nhu1nbwba","","","","","","","50F","Only male mosquitoes bite.","false","sentence_ready","","","","",""
"2607","
          <div class=""recording-instructions-box"">
            <h2>Recording in progress</h2>
            <p>Please read the sentence naturally, then click the button when you are done.</p>
            <p class=""sentence-stimulus"">Only male mosquitoes bite.</p>
          </div>
        ","null","html-audio-response","403","1088870","0.0-114.0-1.0","6nhu1nbwba","","","","","18","","50F","Only male mosquitoes bite.","false","sentence_recording","blob:https://charburnham.github.io/5eb0bd39-016e-4872-a593-c97e7e6262da","1","6nhu1nbwba_50F_audio.webm","",""
"511","
            <div class=""recording-instructions-box"">
              <h2>Review your recording</h2>
              <p>Listen to your recording for this sentence. If you want, you can record it again before moving on.</p>
              <p class=""sentence-stimulus"">Only male mosquitoes bite.</p>
              <audio controls src=""blob:https://charburnham.github.io/5eb0bd39-016e-4872-a593-c97e7e6262da"" class=""playback-audio""></audio>
            </div>
          ","1","html-button-response","404","1089384","0.0-114.0-2.0","6nhu1nbwba","","","","","","queued","50F","Only male mosquitoes bite.","false","sentence_review","","1","6nhu1nbwba_50F_audio.webm","accepted","6nhu1nbwba_50F_audio.webm"
"804","
          <div class=""recording-instructions-box"">
            <h2>Read the sentence aloud</h2>
            <p>Take a moment to get ready. When you are ready to begin, click the button below to start recording.</p>
            <p class=""sentence-stimulus"">A bee has 5 eyes.</p>
          </div>
        ","0","html-button-response","405","1090193","0.0-115.0-0.0","6nhu1nbwba","","","","","","","4T","A bee has 5 eyes.","true","sentence_ready","","","","",""
"3185","
          <div class=""recording-instructions-box"">
            <h2>Recording in progress</h2>
            <p>Please read the sentence naturally, then click the button when you are done.</p>
            <p class=""sentence-stimulus"">A bee has 5 eyes.</p>
          </div>
        ","null","html-audio-response","406","1093470","0.0-115.0-1.0","6nhu1nbwba","","","","","15","","4T","A bee has 5 eyes.","true","sentence_recording","blob:https://charburnham.github.io/8dbf4621-a0c8-4de0-874f-337ad1deae44","1","6nhu1nbwba_4T_audio.webm","",""
"1079","
            <div class=""recording-instructions-box"">
              <h2>Review your recording</h2>
              <p>Listen to your recording for this sentence. If you want, you can record it again before moving on.</p>
              <p class=""sentence-stimulus"">A bee has 5 eyes.</p>
              <audio controls src=""blob:https://charburnham.github.io/8dbf4621-a0c8-4de0-874f-337ad1deae44"" class=""playback-audio""></audio>
            </div>
          ","1","html-button-response","407","1094552","0.0-115.0-2.0","6nhu1nbwba","","","","","","queued","4T","A bee has 5 eyes.","true","sentence_review","","1","6nhu1nbwba_4T_audio.webm","accepted","6nhu1nbwba_4T_audio.webm"
"1067","
          <div class=""recording-instructions-box"">
            <h2>Read the sentence aloud</h2>
            <p>Take a moment to get ready. When you are ready to begin, click the button below to start recording.</p>
            <p class=""sentence-stimulus"">Blood makes up about 7% of your body's weight.</p>
          </div>
        ","0","html-button-response","408","1095623","0.0-116.0-0.0","6nhu1nbwba","","","","","","","22T","Blood makes up about 7% of your body's weight.","true","sentence_ready","","","","",""
"3885","
          <div class=""recording-instructions-box"">
            <h2>Recording in progress</h2>
            <p>Please read the sentence naturally, then click the button when you are done.</p>
            <p class=""sentence-stimulus"">Blood makes up about 7% of your body's weight.</p>
          </div>
        ","null","html-audio-response","409","1099603","0.0-116.0-1.0","6nhu1nbwba","","","","","19","","22T","Blood makes up about 7% of your body's weight.","true","sentence_recording","blob:https://charburnham.github.io/3394149c-bc93-424f-b2d9-3d771fc2782e","1","6nhu1nbwba_22T_audio.webm","",""
"612","
            <div class=""recording-instructions-box"">
              <h2>Review your recording</h2>
              <p>Listen to your recording for this sentence. If you want, you can record it again before moving on.</p>
              <p class=""sentence-stimulus"">Blood makes up about 7% of your body's weight.</p>
              <audio controls src=""blob:https://charburnham.github.io/3394149c-bc93-424f-b2d9-3d771fc2782e"" class=""playback-audio""></audio>
            </div>
          ","0","html-button-response","410","1100218","0.0-116.0-2.0","6nhu1nbwba","","","","","","not_uploaded_rerecorded","22T","Blood makes up about 7% of your body's weight.","true","sentence_review","","1","6nhu1nbwba_22T_audio.webm","rerecord","null"
"635","
          <div class=""recording-instructions-box"">
            <h2>Read the sentence aloud</h2>
            <p>Take a moment to get ready. When you are ready to begin, click the button below to start recording.</p>
            <p class=""sentence-stimulus"">Blood makes up about 7% of your body's weight.</p>
          </div>
        ","0","html-button-response","411","1100855","0.0-116.1-0.1","6nhu1nbwba","","","","","","","22T","Blood makes up about 7% of your body's weight.","true","sentence_ready","","","","",""
"3943","
          <div class=""recording-instructions-box"">
            <h2>Recording in progress</h2>
            <p>Please read the sentence naturally, then click the button when you are done.</p>
            <p class=""sentence-stimulus"">Blood makes up about 7% of your body's weight.</p>
          </div>
        ","null","html-audio-response","412","1104869","0.0-116.1-1.1","6nhu1nbwba","","","","","5","","22T","Blood makes up about 7% of your body's weight.","true","sentence_recording","blob:https://charburnham.github.io/8deff2b6-67f1-43a4-918d-cff28f77ffb9","2","6nhu1nbwba_22T_audio.webm","",""
"588","
            <div class=""recording-instructions-box"">
              <h2>Review your recording</h2>
              <p>Listen to your recording for this sentence. If you want, you can record it again before moving on.</p>
              <p class=""sentence-stimulus"">Blood makes up about 7% of your body's weight.</p>
              <audio controls src=""blob:https://charburnham.github.io/8deff2b6-67f1-43a4-918d-cff28f77ffb9"" class=""playback-audio""></audio>
            </div>
          ","1","html-button-response","413","1105460","0.0-116.1-2.1","6nhu1nbwba","","","","","","queued","22T","Blood makes up about 7% of your body's weight.","true","sentence_review","","2","6nhu1nbwba_22T_audio.webm","accepted","6nhu1nbwba_22T_audio.webm"
"1925","
          <div class=""recording-instructions-box"">
            <h2>Read the sentence aloud</h2>
            <p>Take a moment to get ready. When you are ready to begin, click the button below to start recording.</p>
            <p class=""sentence-stimulus"">Coca Cola would be green without the added food coloring.</p>
          </div>
        ","0","html-button-response","414","1107389","0.0-117.0-0.0","6nhu1nbwba","","","","","","","F17F","Coca Cola would be green without the added food coloring.","false","sentence_ready","","","","",""
"3614","
          <div class=""recording-instructions-box"">
            <h2>Recording in progress</h2>
            <p>Please read the sentence naturally, then click the button when you are done.</p>
            <p class=""sentence-stimulus"">Coca Cola would be green without the added food coloring.</p>
          </div>
        ","null","html-audio-response","415","1111070","0.0-117.0-1.0","6nhu1nbwba","","","","","9","","F17F","Coca Cola would be green without the added food coloring.","false","sentence_recording","blob:https://charburnham.github.io/38322f45-cac3-4127-ae13-70983c2ebdfd","1","6nhu1nbwba_F17F_audio.webm","",""
"699","
            <div class=""recording-instructions-box"">
              <h2>Review your recording</h2>
              <p>Listen to your recording for this sentence. If you want, you can record it again before moving on.</p>
              <p class=""sentence-stimulus"">Coca Cola would be green without the added food coloring.</p>
              <audio controls src=""blob:https://charburnham.github.io/38322f45-cac3-4127-ae13-70983c2ebdfd"" class=""playback-audio""></audio>
            </div>
          ","0","html-button-response","416","1111771","0.0-117.0-2.0","6nhu1nbwba","","","","","","not_uploaded_rerecorded","F17F","Coca Cola would be green without the added food coloring.","false","sentence_review","","1","6nhu1nbwba_F17F_audio.webm","rerecord","null"
"635","
          <div class=""recording-instructions-box"">
            <h2>Read the sentence aloud</h2>
            <p>Take a moment to get ready. When you are ready to begin, click the button below to start recording.</p>
            <p class=""sentence-stimulus"">Coca Cola would be green without the added food coloring.</p>
          </div>
        ","0","html-button-response","417","1112409","0.0-117.1-0.1","6nhu1nbwba","","","","","","","F17F","Coca Cola would be green without the added food coloring.","false","sentence_ready","","","","",""
"4179","
          <div class=""recording-instructions-box"">
            <h2>Recording in progress</h2>
            <p>Please read the sentence naturally, then click the button when you are done.</p>
            <p class=""sentence-stimulus"">Coca Cola would be green without the added food coloring.</p>
          </div>
        ","null","html-audio-response","418","1116652","0.0-117.1-1.1","6nhu1nbwba","","","","","5","","F17F","Coca Cola would be green without the added food coloring.","false","sentence_recording","blob:https://charburnham.github.io/d4b76f6e-73a4-4caf-bffd-fc680e71b547","2","6nhu1nbwba_F17F_audio.webm","",""
"527","
            <div class=""recording-instructions-box"">
              <h2>Review your recording</h2>
              <p>Listen to your recording for this sentence. If you want, you can record it again before moving on.</p>
              <p class=""sentence-stimulus"">Coca Cola would be green without the added food coloring.</p>
              <audio controls src=""blob:https://charburnham.github.io/d4b76f6e-73a4-4caf-bffd-fc680e71b547"" class=""playback-audio""></audio>
            </div>
          ","1","html-button-response","419","1117182","0.0-117.1-2.1","6nhu1nbwba","","","","","","queued","F17F","Coca Cola would be green without the added food coloring.","false","sentence_review","","2","6nhu1nbwba_F17F_audio.webm","accepted","6nhu1nbwba_F17F_audio.webm"
"1517","
          <div class=""recording-instructions-box"">
            <h2>Read the sentence aloud</h2>
            <p>Take a moment to get ready. When you are ready to begin, click the button below to start recording.</p>
            <p class=""sentence-stimulus"">In the late 1900s, the United States Mint issued 2-cent and 3-cent coins.</p>
          </div>
        ","0","html-button-response","420","1118704","0.0-118.0-0.0","6nhu1nbwba","","","","","","","11F","In the late 1900s, the United States Mint issued 2-cent and 3-cent coins.","false","sentence_ready","","","","",""
"6118","
          <div class=""recording-instructions-box"">
            <h2>Recording in progress</h2>
            <p>Please read the sentence naturally, then click the button when you are done.</p>
            <p class=""sentence-stimulus"">In the late 1900s, the United States Mint issued 2-cent and 3-cent coins.</p>
          </div>
        ","null","html-audio-response","421","1124902","0.0-118.0-1.0","6nhu1nbwba","","","","","6","","11F","In the late 1900s, the United States Mint issued 2-cent and 3-cent coins.","false","sentence_recording","blob:https://charburnham.github.io/62af877b-7b77-428b-b468-712e9f52dd9f","1","6nhu1nbwba_11F_audio.webm","",""
"779","
            <div class=""recording-instructions-box"">
              <h2>Review your recording</h2>
              <p>Listen to your recording for this sentence. If you want, you can record it again before moving on.</p>
              <p class=""sentence-stimulus"">In the late 1900s, the United States Mint issued 2-cent and 3-cent coins.</p>
              <audio controls src=""blob:https://charburnham.github.io/62af877b-7b77-428b-b468-712e9f52dd9f"" class=""playback-audio""></audio>
            </div>
          ","1","html-button-response","422","1125684","0.0-118.0-2.0","6nhu1nbwba","","","","","","queued","11F","In the late 1900s, the United States Mint issued 2-cent and 3-cent coins.","false","sentence_review","","1","6nhu1nbwba_11F_audio.webm","accepted","6nhu1nbwba_11F_audio.webm"
"1752","
          <div class=""recording-instructions-box"">
            <h2>Read the sentence aloud</h2>
            <p>Take a moment to get ready. When you are ready to begin, click the button below to start recording.</p>
            <p class=""sentence-stimulus"">An ostrich's eye is larger than its brain.</p>
          </div>
        ","0","html-button-response","423","1127440","0.0-119.0-0.0","6nhu1nbwba","","","","","","","38T","An ostrich's eye is larger than its brain.","true","sentence_ready","","","","",""
"3860","
          <div class=""recording-instructions-box"">
            <h2>Recording in progress</h2>
            <p>Please read the sentence naturally, then click the button when you are done.</p>
            <p class=""sentence-stimulus"">An ostrich's eye is larger than its brain.</p>
          </div>
        ","null","html-audio-response","424","1131370","0.0-119.0-1.0","6nhu1nbwba","","","","","9","","38T","An ostrich's eye is larger than its brain.","true","sentence_recording","blob:https://charburnham.github.io/7d54fb11-2e2b-4b42-bac2-1095141b14dc","1","6nhu1nbwba_38T_audio.webm","",""
"5178","
            <div class=""recording-instructions-box"">
              <h2>Review your recording</h2>
              <p>Listen to your recording for this sentence. If you want, you can record it again before moving on.</p>
              <p class=""sentence-stimulus"">An ostrich's eye is larger than its brain.</p>
              <audio controls src=""blob:https://charburnham.github.io/7d54fb11-2e2b-4b42-bac2-1095141b14dc"" class=""playback-audio""></audio>
            </div>
          ","1","html-button-response","425","1136551","0.0-119.0-2.0","6nhu1nbwba","","","","","","queued","38T","An ostrich's eye is larger than its brain.","true","sentence_review","","1","6nhu1nbwba_38T_audio.webm","accepted","6nhu1nbwba_38T_audio.webm"
"1263","
          <div class=""recording-instructions-box"">
            <h2>Read the sentence aloud</h2>
            <p>Take a moment to get ready. When you are ready to begin, click the button below to start recording.</p>
            <p class=""sentence-stimulus"">Harrisburg, Pennsylvania is the only U.S. state capital without a McDonalds.</p>
          </div>
        ","0","html-button-response","426","1137818","0.0-120.0-0.0","6nhu1nbwba","","","","","","","29F","Harrisburg, Pennsylvania is the only U.S. state capital without a McDonalds.","false","sentence_ready","","","","",""
"5466","
          <div class=""recording-instructions-box"">
            <h2>Recording in progress</h2>
            <p>Please read the sentence naturally, then click the button when you are done.</p>
            <p class=""sentence-stimulus"">Harrisburg, Pennsylvania is the only U.S. state capital without a McDonalds.</p>
          </div>
        ","null","html-audio-response","427","1143370","0.0-120.0-1.0","6nhu1nbwba","","","","","12","","29F","Harrisburg, Pennsylvania is the only U.S. state capital without a McDonalds.","false","sentence_recording","blob:https://charburnham.github.io/60c16cb5-2675-482e-a6ef-30d123284716","1","6nhu1nbwba_29F_audio.webm","",""
"2001","
            <div class=""recording-instructions-box"">
              <h2>Review your recording</h2>
              <p>Listen to your recording for this sentence. If you want, you can record it again before moving on.</p>
              <p class=""sentence-stimulus"">Harrisburg, Pennsylvania is the only U.S. state capital without a McDonalds.</p>
              <audio controls src=""blob:https://charburnham.github.io/60c16cb5-2675-482e-a6ef-30d123284716"" class=""playback-audio""></audio>
            </div>
          ","1","html-button-response","428","1145374","0.0-120.0-2.0","6nhu1nbwba","","","","","","queued","29F","Harrisburg, Pennsylvania is the only U.S. state capital without a McDonalds.","false","sentence_review","","1","6nhu1nbwba_29F_audio.webm","accepted","6nhu1nbwba_29F_audio.webm"
"1360","
          <div class=""recording-instructions-box"">
            <h2>Read the sentence aloud</h2>
            <p>Take a moment to get ready. When you are ready to begin, click the button below to start recording.</p>
            <p class=""sentence-stimulus"">A starfish can release approximately 5 million eggs at once.</p>
          </div>
        ","0","html-button-response","429","1146738","0.0-121.0-0.0","6nhu1nbwba","","","","","","","24F","A starfish can release approximately 5 million eggs at once.","false","sentence_ready","","","","",""
"4986","
          <div class=""recording-instructions-box"">
            <h2>Recording in progress</h2>
            <p>Please read the sentence naturally, then click the button when you are done.</p>
            <p class=""sentence-stimulus"">A starfish can release approximately 5 million eggs at once.</p>
          </div>
        ","null","html-audio-response","430","1151804","0.0-121.0-1.0","6nhu1nbwba","","","","","9","","24F","A starfish can release approximately 5 million eggs at once.","false","sentence_recording","blob:https://charburnham.github.io/9419fdf2-2096-4348-9edb-f43984a130ff","1","6nhu1nbwba_24F_audio.webm","",""
"538","
            <div class=""recording-instructions-box"">
              <h2>Review your recording</h2>
              <p>Listen to your recording for this sentence. If you want, you can record it again before moving on.</p>
              <p class=""sentence-stimulus"">A starfish can release approximately 5 million eggs at once.</p>
              <audio controls src=""blob:https://charburnham.github.io/9419fdf2-2096-4348-9edb-f43984a130ff"" class=""playback-audio""></audio>
            </div>
          ","1","html-button-response","431","1152346","0.0-121.0-2.0","6nhu1nbwba","","","","","","queued","24F","A starfish can release approximately 5 million eggs at once.","false","sentence_review","","1","6nhu1nbwba_24F_audio.webm","accepted","6nhu1nbwba_24F_audio.webm"
"1034","
          <div class=""recording-instructions-box"">
            <h2>Read the sentence aloud</h2>
            <p>Take a moment to get ready. When you are ready to begin, click the button below to start recording.</p>
            <p class=""sentence-stimulus"">The average ruby-throated hummingbird weighs less than a nickel.</p>
          </div>
        ","0","html-button-response","432","1153384","0.0-122.0-0.0","6nhu1nbwba","","","","","","","8T","The average ruby-throated hummingbird weighs less than a nickel.","true","sentence_ready","","","","",""
"4690","
          <div class=""recording-instructions-box"">
            <h2>Recording in progress</h2>
            <p>Please read the sentence naturally, then click the button when you are done.</p>
            <p class=""sentence-stimulus"">The average ruby-throated hummingbird weighs less than a nickel.</p>
          </div>
        ","null","html-audio-response","433","1158154","0.0-122.0-1.0","6nhu1nbwba","","","","","9","","8T","The average ruby-throated hummingbird weighs less than a nickel.","true","sentence_recording","blob:https://charburnham.github.io/c76f98f6-778c-40ef-a55d-a416d53f5894","1","6nhu1nbwba_8T_audio.webm","",""
"626","
            <div class=""recording-instructions-box"">
              <h2>Review your recording</h2>
              <p>Listen to your recording for this sentence. If you want, you can record it again before moving on.</p>
              <p class=""sentence-stimulus"">The average ruby-throated hummingbird weighs less than a nickel.</p>
              <audio controls src=""blob:https://charburnham.github.io/c76f98f6-778c-40ef-a55d-a416d53f5894"" class=""playback-audio""></audio>
            </div>
          ","1","html-button-response","434","1158782","0.0-122.0-2.0","6nhu1nbwba","","","","","","queued","8T","The average ruby-throated hummingbird weighs less than a nickel.","true","sentence_review","","1","6nhu1nbwba_8T_audio.webm","accepted","6nhu1nbwba_8T_audio.webm"
"961","
          <div class=""recording-instructions-box"">
            <h2>Read the sentence aloud</h2>
            <p>Take a moment to get ready. When you are ready to begin, click the button below to start recording.</p>
            <p class=""sentence-stimulus"">If you keep a goldfish in a dark room, it will eventually turn white.</p>
          </div>
        ","0","html-button-response","435","1159747","0.0-123.0-0.0","6nhu1nbwba","","","","","","","13T","If you keep a goldfish in a dark room, it will eventually turn white.","true","sentence_ready","","","","",""
"4880","
          <div class=""recording-instructions-box"">
            <h2>Recording in progress</h2>
            <p>Please read the sentence naturally, then click the button when you are done.</p>
            <p class=""sentence-stimulus"">If you keep a goldfish in a dark room, it will eventually turn white.</p>
          </div>
        ","null","html-audio-response","436","1164703","0.0-123.0-1.0","6nhu1nbwba","","","","","15","","13T","If you keep a goldfish in a dark room, it will eventually turn white.","true","sentence_recording","blob:https://charburnham.github.io/ac6b90d6-31e2-45f3-b38b-28c65a9149c8","1","6nhu1nbwba_13T_audio.webm","",""
"640","
            <div class=""recording-instructions-box"">
              <h2>Review your recording</h2>
              <p>Listen to your recording for this sentence. If you want, you can record it again before moving on.</p>
              <p class=""sentence-stimulus"">If you keep a goldfish in a dark room, it will eventually turn white.</p>
              <audio controls src=""blob:https://charburnham.github.io/ac6b90d6-31e2-45f3-b38b-28c65a9149c8"" class=""playback-audio""></audio>
            </div>
          ","1","html-button-response","437","1165346","0.0-123.0-2.0","6nhu1nbwba","","","","","","queued","13T","If you keep a goldfish in a dark room, it will eventually turn white.","true","sentence_review","","1","6nhu1nbwba_13T_audio.webm","accepted","6nhu1nbwba_13T_audio.webm"
"945","
          <div class=""recording-instructions-box"">
            <h2>Read the sentence aloud</h2>
            <p>Take a moment to get ready. When you are ready to begin, click the button below to start recording.</p>
            <p class=""sentence-stimulus"">The center of a star can be over 75 million degrees Fahrenheit.</p>
          </div>
        ","0","html-button-response","438","1166295","0.0-124.0-0.0","6nhu1nbwba","","","","","","","48F","The center of a star can be over 75 million degrees Fahrenheit.","false","sentence_ready","","","","",""
"4886","
          <div class=""recording-instructions-box"">
            <h2>Recording in progress</h2>
            <p>Please read the sentence naturally, then click the button when you are done.</p>
            <p class=""sentence-stimulus"">The center of a star can be over 75 million degrees Fahrenheit.</p>
          </div>
        ","null","html-audio-response","439","1171272","0.0-124.0-1.0","6nhu1nbwba","","","","","16","","48F","The center of a star can be over 75 million degrees Fahrenheit.","false","sentence_recording","blob:https://charburnham.github.io/9f032635-b782-4a8a-800a-6ead7a4a2fe9","1","6nhu1nbwba_48F_audio.webm","",""
"548","
            <div class=""recording-instructions-box"">
              <h2>Review your recording</h2>
              <p>Listen to your recording for this sentence. If you want, you can record it again before moving on.</p>
              <p class=""sentence-stimulus"">The center of a star can be over 75 million degrees Fahrenheit.</p>
              <audio controls src=""blob:https://charburnham.github.io/9f032635-b782-4a8a-800a-6ead7a4a2fe9"" class=""playback-audio""></audio>
            </div>
          ","1","html-button-response","440","1171823","0.0-124.0-2.0","6nhu1nbwba","","","","","","queued","48F","The center of a star can be over 75 million degrees Fahrenheit.","false","sentence_review","","1","6nhu1nbwba_48F_audio.webm","accepted","6nhu1nbwba_48F_audio.webm"
"944","
          <div class=""recording-instructions-box"">
            <h2>Read the sentence aloud</h2>
            <p>Take a moment to get ready. When you are ready to begin, click the button below to start recording.</p>
            <p class=""sentence-stimulus"">Only female mosquitoes bite.</p>
          </div>
        ","0","html-button-response","441","1172771","0.0-125.0-0.0","6nhu1nbwba","","","","","","","50T","Only female mosquitoes bite.","true","sentence_ready","","","","",""
"2493","
          <div class=""recording-instructions-box"">
            <h2>Recording in progress</h2>
            <p>Please read the sentence naturally, then click the button when you are done.</p>
            <p class=""sentence-stimulus"">Only female mosquitoes bite.</p>
          </div>
        ","null","html-audio-response","442","1175337","0.0-125.0-1.0","6nhu1nbwba","","","","","11","","50T","Only female mosquitoes bite.","true","sentence_recording","blob:https://charburnham.github.io/18f16bb8-fbb9-48a4-a313-05635b8abeef","1","6nhu1nbwba_50T_audio.webm","",""
"2763","
            <div class=""recording-instructions-box"">
              <h2>Review your recording</h2>
              <p>Listen to your recording for this sentence. If you want, you can record it again before moving on.</p>
              <p class=""sentence-stimulus"">Only female mosquitoes bite.</p>
              <audio controls src=""blob:https://charburnham.github.io/18f16bb8-fbb9-48a4-a313-05635b8abeef"" class=""playback-audio""></audio>
            </div>
          ","0","html-button-response","443","1178103","0.0-125.0-2.0","6nhu1nbwba","","","","","","not_uploaded_rerecorded","50T","Only female mosquitoes bite.","true","sentence_review","","1","6nhu1nbwba_50T_audio.webm","rerecord","null"
"1026","
          <div class=""recording-instructions-box"">
            <h2>Read the sentence aloud</h2>
            <p>Take a moment to get ready. When you are ready to begin, click the button below to start recording.</p>
            <p class=""sentence-stimulus"">Only female mosquitoes bite.</p>
          </div>
        ","0","html-button-response","444","1179132","0.0-125.1-0.1","6nhu1nbwba","","","","","","","50T","Only female mosquitoes bite.","true","sentence_ready","","","","",""
"2636","
          <div class=""recording-instructions-box"">
            <h2>Recording in progress</h2>
            <p>Please read the sentence naturally, then click the button when you are done.</p>
            <p class=""sentence-stimulus"">Only female mosquitoes bite.</p>
          </div>
        ","null","html-audio-response","445","1181854","0.0-125.1-1.1","6nhu1nbwba","","","","","9","","50T","Only female mosquitoes bite.","true","sentence_recording","blob:https://charburnham.github.io/a0c1caca-75f0-4f32-a57c-a2a07b2663e9","2","6nhu1nbwba_50T_audio.webm","",""
"2462","
            <div class=""recording-instructions-box"">
              <h2>Review your recording</h2>
              <p>Listen to your recording for this sentence. If you want, you can record it again before moving on.</p>
              <p class=""sentence-stimulus"">Only female mosquitoes bite.</p>
              <audio controls src=""blob:https://charburnham.github.io/a0c1caca-75f0-4f32-a57c-a2a07b2663e9"" class=""playback-audio""></audio>
            </div>
          ","1","html-button-response","446","1184319","0.0-125.1-2.1","6nhu1nbwba","","","","","","queued","50T","Only female mosquitoes bite.","true","sentence_review","","2","6nhu1nbwba_50T_audio.webm","accepted","6nhu1nbwba_50T_audio.webm"
"4124","
          <div class=""recording-instructions-box"">
            <h2>Read the sentence aloud</h2>
            <p>Take a moment to get ready. When you are ready to begin, click the button below to start recording.</p>
            <p class=""sentence-stimulus"">Montpelier, Vermont is the only U.S. state capital without a McDonalds.</p>
          </div>
        ","0","html-button-response","447","1188447","0.0-126.0-0.0","6nhu1nbwba","","","","","","","29T","Montpelier, Vermont is the only U.S. state capital without a McDonalds.","true","sentence_ready","","","","",""
"2140","
          <div class=""recording-instructions-box"">
            <h2>Recording in progress</h2>
            <p>Please read the sentence naturally, then click the button when you are done.</p>
            <p class=""sentence-stimulus"">Montpelier, Vermont is the only U.S. state capital without a McDonalds.</p>
          </div>
        ","null","html-audio-response","448","1190670","0.0-126.0-1.0","6nhu1nbwba","","","","","16","","29T","Montpelier, Vermont is the only U.S. state capital without a McDonalds.","true","sentence_recording","blob:https://charburnham.github.io/74398d9d-8248-4edb-a286-5d4620dce1ad","1","6nhu1nbwba_29T_audio.webm","",""
"709","
            <div class=""recording-instructions-box"">
              <h2>Review your recording</h2>
              <p>Listen to your recording for this sentence. If you want, you can record it again before moving on.</p>
              <p class=""sentence-stimulus"">Montpelier, Vermont is the only U.S. state capital without a McDonalds.</p>
              <audio controls src=""blob:https://charburnham.github.io/74398d9d-8248-4edb-a286-5d4620dce1ad"" class=""playback-audio""></audio>
            </div>
          ","0","html-button-response","449","1191382","0.0-126.0-2.0","6nhu1nbwba","","","","","","not_uploaded_rerecorded","29T","Montpelier, Vermont is the only U.S. state capital without a McDonalds.","true","sentence_review","","1","6nhu1nbwba_29T_audio.webm","rerecord","null"
"1052","
          <div class=""recording-instructions-box"">
            <h2>Read the sentence aloud</h2>
            <p>Take a moment to get ready. When you are ready to begin, click the button below to start recording.</p>
            <p class=""sentence-stimulus"">Montpelier, Vermont is the only U.S. state capital without a McDonalds.</p>
          </div>
        ","0","html-button-response","450","1192436","0.0-126.1-0.1","6nhu1nbwba","","","","","","","29T","Montpelier, Vermont is the only U.S. state capital without a McDonalds.","true","sentence_ready","","","","",""
"1175","
          <div class=""recording-instructions-box"">
            <h2>Recording in progress</h2>
            <p>Please read the sentence naturally, then click the button when you are done.</p>
            <p class=""sentence-stimulus"">Montpelier, Vermont is the only U.S. state capital without a McDonalds.</p>
          </div>
        ","null","html-audio-response","451","1193687","0.0-126.1-1.1","6nhu1nbwba","","","","","9","","29T","Montpelier, Vermont is the only U.S. state capital without a McDonalds.","true","sentence_recording","blob:https://charburnham.github.io/015ae5de-b858-4ba4-8d4d-6b7e8d20d722","2","6nhu1nbwba_29T_audio.webm","",""
"554","
            <div class=""recording-instructions-box"">
              <h2>Review your recording</h2>
              <p>Listen to your recording for this sentence. If you want, you can record it again before moving on.</p>
              <p class=""sentence-stimulus"">Montpelier, Vermont is the only U.S. state capital without a McDonalds.</p>
              <audio controls src=""blob:https://charburnham.github.io/015ae5de-b858-4ba4-8d4d-6b7e8d20d722"" class=""playback-audio""></audio>
            </div>
          ","0","html-button-response","452","1194244","0.0-126.1-2.1","6nhu1nbwba","","","","","","not_uploaded_rerecorded","29T","Montpelier, Vermont is the only U.S. state capital without a McDonalds.","true","sentence_review","","2","6nhu1nbwba_29T_audio.webm","rerecord","null"
"864","
          <div class=""recording-instructions-box"">
            <h2>Read the sentence aloud</h2>
            <p>Take a moment to get ready. When you are ready to begin, click the button below to start recording.</p>
            <p class=""sentence-stimulus"">Montpelier, Vermont is the only U.S. state capital without a McDonalds.</p>
          </div>
        ","0","html-button-response","453","1195110","0.0-126.2-0.2","6nhu1nbwba","","","","","","","29T","Montpelier, Vermont is the only U.S. state capital without a McDonalds.","true","sentence_ready","","","","",""
"5282","
          <div class=""recording-instructions-box"">
            <h2>Recording in progress</h2>
            <p>Please read the sentence naturally, then click the button when you are done.</p>
            <p class=""sentence-stimulus"">Montpelier, Vermont is the only U.S. state capital without a McDonalds.</p>
          </div>
        ","null","html-audio-response","454","1200471","0.0-126.2-1.2","6nhu1nbwba","","","","","7","","29T","Montpelier, Vermont is the only U.S. state capital without a McDonalds.","true","sentence_recording","blob:https://charburnham.github.io/413325aa-18a5-4c1b-a2be-51a5d00476c1","3","6nhu1nbwba_29T_audio.webm","",""
"466","
            <div class=""recording-instructions-box"">
              <h2>Review your recording</h2>
              <p>Listen to your recording for this sentence. If you want, you can record it again before moving on.</p>
              <p class=""sentence-stimulus"">Montpelier, Vermont is the only U.S. state capital without a McDonalds.</p>
              <audio controls src=""blob:https://charburnham.github.io/413325aa-18a5-4c1b-a2be-51a5d00476c1"" class=""playback-audio""></audio>
            </div>
          ","1","html-button-response","455","1200939","0.0-126.2-2.2","6nhu1nbwba","","","","","","queued","29T","Montpelier, Vermont is the only U.S. state capital without a McDonalds.","true","sentence_review","","3","6nhu1nbwba_29T_audio.webm","accepted","6nhu1nbwba_29T_audio.webm"
"2324","
          <div class=""recording-instructions-box"">
            <h2>Read the sentence aloud</h2>
            <p>Take a moment to get ready. When you are ready to begin, click the button below to start recording.</p>
            <p class=""sentence-stimulus"">There is a type of catfish that can walk on land.</p>
          </div>
        ","0","html-button-response","456","1203268","0.0-127.0-0.0","6nhu1nbwba","","","","","","","23T","There is a type of catfish that can walk on land.","true","sentence_ready","","","","",""
"3520","
          <div class=""recording-instructions-box"">
            <h2>Recording in progress</h2>
            <p>Please read the sentence naturally, then click the button when you are done.</p>
            <p class=""sentence-stimulus"">There is a type of catfish that can walk on land.</p>
          </div>
        ","null","html-audio-response","457","1206871","0.0-127.0-1.0","6nhu1nbwba","","","","","12","","23T","There is a type of catfish that can walk on land.","true","sentence_recording","blob:https://charburnham.github.io/d66f1a81-9128-4f83-9013-4efaa03d2a32","1","6nhu1nbwba_23T_audio.webm","",""
"1839","
            <div class=""recording-instructions-box"">
              <h2>Review your recording</h2>
              <p>Listen to your recording for this sentence. If you want, you can record it again before moving on.</p>
              <p class=""sentence-stimulus"">There is a type of catfish that can walk on land.</p>
              <audio controls src=""blob:https://charburnham.github.io/d66f1a81-9128-4f83-9013-4efaa03d2a32"" class=""playback-audio""></audio>
            </div>
          ","0","html-button-response","458","1208713","0.0-127.0-2.0","6nhu1nbwba","","","","","","not_uploaded_rerecorded","23T","There is a type of catfish that can walk on land.","true","sentence_review","","1","6nhu1nbwba_23T_audio.webm","rerecord","null"
"603","
          <div class=""recording-instructions-box"">
            <h2>Read the sentence aloud</h2>
            <p>Take a moment to get ready. When you are ready to begin, click the button below to start recording.</p>
            <p class=""sentence-stimulus"">There is a type of catfish that can walk on land.</p>
          </div>
        ","0","html-button-response","459","1209318","0.0-127.1-0.1","6nhu1nbwba","","","","","","","23T","There is a type of catfish that can walk on land.","true","sentence_ready","","","","",""
"3903","
          <div class=""recording-instructions-box"">
            <h2>Recording in progress</h2>
            <p>Please read the sentence naturally, then click the button when you are done.</p>
            <p class=""sentence-stimulus"">There is a type of catfish that can walk on land.</p>
          </div>
        ","null","html-audio-response","460","1213304","0.0-127.1-1.1","6nhu1nbwba","","","","","13","","23T","There is a type of catfish that can walk on land.","true","sentence_recording","blob:https://charburnham.github.io/8d3ac040-4284-4fe3-bc47-48ed228fc2bf","2","6nhu1nbwba_23T_audio.webm","",""
"532","
            <div class=""recording-instructions-box"">
              <h2>Review your recording</h2>
              <p>Listen to your recording for this sentence. If you want, you can record it again before moving on.</p>
              <p class=""sentence-stimulus"">There is a type of catfish that can walk on land.</p>
              <audio controls src=""blob:https://charburnham.github.io/8d3ac040-4284-4fe3-bc47-48ed228fc2bf"" class=""playback-audio""></audio>
            </div>
          ","1","html-button-response","461","1213839","0.0-127.1-2.1","6nhu1nbwba","","","","","","queued","23T","There is a type of catfish that can walk on land.","true","sentence_review","","2","6nhu1nbwba_23T_audio.webm","accepted","6nhu1nbwba_23T_audio.webm"
"1239","
          <div class=""recording-instructions-box"">
            <h2>Read the sentence aloud</h2>
            <p>Take a moment to get ready. When you are ready to begin, click the button below to start recording.</p>
            <p class=""sentence-stimulus"">Owls cannot see the color blue.</p>
          </div>
        ","0","html-button-response","462","1215082","0.0-128.0-0.0","6nhu1nbwba","","","","","","","F13F","Owls cannot see the color blue.","false","sentence_ready","","","","",""
"2847","
          <div class=""recording-instructions-box"">
            <h2>Recording in progress</h2>
            <p>Please read the sentence naturally, then click the button when you are done.</p>
            <p class=""sentence-stimulus"">Owls cannot see the color blue.</p>
          </div>
        ","null","html-audio-response","463","1217987","0.0-128.0-1.0","6nhu1nbwba","","","","","3","","F13F","Owls cannot see the color blue.","false","sentence_recording","blob:https://charburnham.github.io/20a4404f-5a78-49a5-bff4-199eaf7e3799","1","6nhu1nbwba_F13F_audio.webm","",""
"560","
            <div class=""recording-instructions-box"">
              <h2>Review your recording</h2>
              <p>Listen to your recording for this sentence. If you want, you can record it again before moving on.</p>
              <p class=""sentence-stimulus"">Owls cannot see the color blue.</p>
              <audio controls src=""blob:https://charburnham.github.io/20a4404f-5a78-49a5-bff4-199eaf7e3799"" class=""playback-audio""></audio>
            </div>
          ","1","html-button-response","464","1218549","0.0-128.0-2.0","6nhu1nbwba","","","","","","queued","F13F","Owls cannot see the color blue.","false","sentence_review","","1","6nhu1nbwba_F13F_audio.webm","accepted","6nhu1nbwba_F13F_audio.webm"
"806","
          <div class=""recording-instructions-box"">
            <h2>Read the sentence aloud</h2>
            <p>Take a moment to get ready. When you are ready to begin, click the button below to start recording.</p>
            <p class=""sentence-stimulus"">China has five official time zones.</p>
          </div>
        ","0","html-button-response","465","1219359","0.0-129.0-0.0","6nhu1nbwba","","","","","","","F5F","China has five official time zones.","false","sentence_ready","","","","",""
"3788","
          <div class=""recording-instructions-box"">
            <h2>Recording in progress</h2>
            <p>Please read the sentence naturally, then click the button when you are done.</p>
            <p class=""sentence-stimulus"">China has five official time zones.</p>
          </div>
        ","null","html-audio-response","466","1223221","0.0-129.0-1.0","6nhu1nbwba","","","","","6","","F5F","China has five official time zones.","false","sentence_recording","blob:https://charburnham.github.io/d68611da-6225-42a7-b610-36b7cf0f2d14","1","6nhu1nbwba_F5F_audio.webm","",""
"664","
            <div class=""recording-instructions-box"">
              <h2>Review your recording</h2>
              <p>Listen to your recording for this sentence. If you want, you can record it again before moving on.</p>
              <p class=""sentence-stimulus"">China has five official time zones.</p>
              <audio controls src=""blob:https://charburnham.github.io/d68611da-6225-42a7-b610-36b7cf0f2d14"" class=""playback-audio""></audio>
            </div>
          ","1","html-button-response","467","1223888","0.0-129.0-2.0","6nhu1nbwba","","","","","","queued","F5F","China has five official time zones.","false","sentence_review","","1","6nhu1nbwba_F5F_audio.webm","accepted","6nhu1nbwba_F5F_audio.webm"
"593","
          <div class=""recording-instructions-box"">
            <h2>Read the sentence aloud</h2>
            <p>Take a moment to get ready. When you are ready to begin, click the button below to start recording.</p>
            <p class=""sentence-stimulus"">The blue whale is the largest animal that has ever lived on earth.</p>
          </div>
        ","0","html-button-response","468","1224484","0.0-130.0-0.0","6nhu1nbwba","","","","","","","F16T","The blue whale is the largest animal that has ever lived on earth.","true","sentence_ready","","","","",""
"5186","
          <div class=""recording-instructions-box"">
            <h2>Recording in progress</h2>
            <p>Please read the sentence naturally, then click the button when you are done.</p>
            <p class=""sentence-stimulus"">The blue whale is the largest animal that has ever lived on earth.</p>
          </div>
        ","null","html-audio-response","469","1229755","0.0-130.0-1.0","6nhu1nbwba","","","","","9","","F16T","The blue whale is the largest animal that has ever lived on earth.","true","sentence_recording","blob:https://charburnham.github.io/726c4766-e0f0-4102-85f4-ccd776449af8","1","6nhu1nbwba_F16T_audio.webm","",""
"1977","
            <div class=""recording-instructions-box"">
              <h2>Review your recording</h2>
              <p>Listen to your recording for this sentence. If you want, you can record it again before moving on.</p>
              <p class=""sentence-stimulus"">The blue whale is the largest animal that has ever lived on earth.</p>
              <audio controls src=""blob:https://charburnham.github.io/726c4766-e0f0-4102-85f4-ccd776449af8"" class=""playback-audio""></audio>
            </div>
          ","1","html-button-response","470","1231735","0.0-130.0-2.0","6nhu1nbwba","","","","","","queued","F16T","The blue whale is the largest animal that has ever lived on earth.","true","sentence_review","","1","6nhu1nbwba_F16T_audio.webm","accepted","6nhu1nbwba_F16T_audio.webm"
"870","
          <div class=""recording-instructions-box"">
            <h2>Read the sentence aloud</h2>
            <p>Take a moment to get ready. When you are ready to begin, click the button below to start recording.</p>
            <p class=""sentence-stimulus"">A ball of rubber will bounce higher than a ball of glass.</p>
          </div>
        ","0","html-button-response","471","1232610","0.0-131.0-0.0","6nhu1nbwba","","","","","","","F2F","A ball of rubber will bounce higher than a ball of glass.","false","sentence_ready","","","","",""
"4476","
          <div class=""recording-instructions-box"">
            <h2>Recording in progress</h2>
            <p>Please read the sentence naturally, then click the button when you are done.</p>
            <p class=""sentence-stimulus"">A ball of rubber will bounce higher than a ball of glass.</p>
          </div>
        ","null","html-audio-response","472","1237154","0.0-131.0-1.0","6nhu1nbwba","","","","","6","","F2F","A ball of rubber will bounce higher than a ball of glass.","false","sentence_recording","blob:https://charburnham.github.io/fa69abb8-0dc8-415f-9629-a682c47d8bf8","1","6nhu1nbwba_F2F_audio.webm","",""
"563","
            <div class=""recording-instructions-box"">
              <h2>Review your recording</h2>
              <p>Listen to your recording for this sentence. If you want, you can record it again before moving on.</p>
              <p class=""sentence-stimulus"">A ball of rubber will bounce higher than a ball of glass.</p>
              <audio controls src=""blob:https://charburnham.github.io/fa69abb8-0dc8-415f-9629-a682c47d8bf8"" class=""playback-audio""></audio>
            </div>
          ","1","html-button-response","473","1237720","0.0-131.0-2.0","6nhu1nbwba","","","","","","queued","F2F","A ball of rubber will bounce higher than a ball of glass.","false","sentence_review","","1","6nhu1nbwba_F2F_audio.webm","accepted","6nhu1nbwba_F2F_audio.webm"
"1001","
          <div class=""recording-instructions-box"">
            <h2>Read the sentence aloud</h2>
            <p>Take a moment to get ready. When you are ready to begin, click the button below to start recording.</p>
            <p class=""sentence-stimulus"">A group of crows is called a murder.</p>
          </div>
        ","0","html-button-response","474","1238726","0.0-132.0-0.0","6nhu1nbwba","","","","","","","34T","A group of crows is called a murder.","true","sentence_ready","","","","",""
"3413","
          <div class=""recording-instructions-box"">
            <h2>Recording in progress</h2>
            <p>Please read the sentence naturally, then click the button when you are done.</p>
            <p class=""sentence-stimulus"">A group of crows is called a murder.</p>
          </div>
        ","null","html-audio-response","475","1242204","0.0-132.0-1.0","6nhu1nbwba","","","","","3","","34T","A group of crows is called a murder.","true","sentence_recording","blob:https://charburnham.github.io/92c56391-8bde-4d5f-b6bc-159c212fa006","1","6nhu1nbwba_34T_audio.webm","",""
"501","
            <div class=""recording-instructions-box"">
              <h2>Review your recording</h2>
              <p>Listen to your recording for this sentence. If you want, you can record it again before moving on.</p>
              <p class=""sentence-stimulus"">A group of crows is called a murder.</p>
              <audio controls src=""blob:https://charburnham.github.io/92c56391-8bde-4d5f-b6bc-159c212fa006"" class=""playback-audio""></audio>
            </div>
          ","1","html-button-response","476","1242708","0.0-132.0-2.0","6nhu1nbwba","","","","","","queued","34T","A group of crows is called a murder.","true","sentence_review","","1","6nhu1nbwba_34T_audio.webm","accepted","6nhu1nbwba_34T_audio.webm"
"600","
          <div class=""recording-instructions-box"">
            <h2>Read the sentence aloud</h2>
            <p>Take a moment to get ready. When you are ready to begin, click the button below to start recording.</p>
            <p class=""sentence-stimulus"">The speed limit in New York City was nine mph in 1895.</p>
          </div>
        ","0","html-button-response","477","1243313","0.0-133.0-0.0","6nhu1nbwba","","","","","","","15T","The speed limit in New York City was nine mph in 1895.","true","sentence_ready","","","","",""
"2777","
          <div class=""recording-instructions-box"">
            <h2>Recording in progress</h2>
            <p>Please read the sentence naturally, then click the button when you are done.</p>
            <p class=""sentence-stimulus"">The speed limit in New York City was nine mph in 1895.</p>
          </div>
        ","null","html-audio-response","478","1246170","0.0-133.0-1.0","6nhu1nbwba","","","","","13","","15T","The speed limit in New York City was nine mph in 1895.","true","sentence_recording","blob:https://charburnham.github.io/90ea5d33-f0d7-4d3e-9cc0-d2ab49e98342","1","6nhu1nbwba_15T_audio.webm","",""
"746","
            <div class=""recording-instructions-box"">
              <h2>Review your recording</h2>
              <p>Listen to your recording for this sentence. If you want, you can record it again before moving on.</p>
              <p class=""sentence-stimulus"">The speed limit in New York City was nine mph in 1895.</p>
              <audio controls src=""blob:https://charburnham.github.io/90ea5d33-f0d7-4d3e-9cc0-d2ab49e98342"" class=""playback-audio""></audio>
            </div>
          ","0","html-button-response","479","1246919","0.0-133.0-2.0","6nhu1nbwba","","","","","","not_uploaded_rerecorded","15T","The speed limit in New York City was nine mph in 1895.","true","sentence_review","","1","6nhu1nbwba_15T_audio.webm","rerecord","null"
"937","
          <div class=""recording-instructions-box"">
            <h2>Read the sentence aloud</h2>
            <p>Take a moment to get ready. When you are ready to begin, click the button below to start recording.</p>
            <p class=""sentence-stimulus"">The speed limit in New York City was nine mph in 1895.</p>
          </div>
        ","0","html-button-response","480","1247859","0.0-133.1-0.1","6nhu1nbwba","","","","","","","15T","The speed limit in New York City was nine mph in 1895.","true","sentence_ready","","","","",""
"5642","
          <div class=""recording-instructions-box"">
            <h2>Recording in progress</h2>
            <p>Please read the sentence naturally, then click the button when you are done.</p>
            <p class=""sentence-stimulus"">The speed limit in New York City was nine mph in 1895.</p>
          </div>
        ","null","html-audio-response","481","1253572","0.0-133.1-1.1","6nhu1nbwba","","","","","7","","15T","The speed limit in New York City was nine mph in 1895.","true","sentence_recording","blob:https://charburnham.github.io/42da1b30-9683-4574-85b9-072f567ca137","2","6nhu1nbwba_15T_audio.webm","",""
"537","
            <div class=""recording-instructions-box"">
              <h2>Review your recording</h2>
              <p>Listen to your recording for this sentence. If you want, you can record it again before moving on.</p>
              <p class=""sentence-stimulus"">The speed limit in New York City was nine mph in 1895.</p>
              <audio controls src=""blob:https://charburnham.github.io/42da1b30-9683-4574-85b9-072f567ca137"" class=""playback-audio""></audio>
            </div>
          ","1","html-button-response","482","1254112","0.0-133.1-2.1","6nhu1nbwba","","","","","","queued","15T","The speed limit in New York City was nine mph in 1895.","true","sentence_review","","2","6nhu1nbwba_15T_audio.webm","accepted","6nhu1nbwba_15T_audio.webm"
"1418","
          <div class=""recording-instructions-box"">
            <h2>Read the sentence aloud</h2>
            <p>Take a moment to get ready. When you are ready to begin, click the button below to start recording.</p>
            <p class=""sentence-stimulus"">Taiwan is the only country whose national flag is not rectangular.</p>
          </div>
        ","0","html-button-response","483","1255535","0.0-134.0-0.0","6nhu1nbwba","","","","","","","35F","Taiwan is the only country whose national flag is not rectangular.","false","sentence_ready","","","","",""
"5481","
          <div class=""recording-instructions-box"">
            <h2>Recording in progress</h2>
            <p>Please read the sentence naturally, then click the button when you are done.</p>
            <p class=""sentence-stimulus"">Taiwan is the only country whose national flag is not rectangular.</p>
          </div>
        ","null","html-audio-response","484","1261088","0.0-134.0-1.0","6nhu1nbwba","","","","","10","","35F","Taiwan is the only country whose national flag is not rectangular.","false","sentence_recording","blob:https://charburnham.github.io/0cf729dc-7aeb-4ade-b131-a9d34fa74bee","1","6nhu1nbwba_35F_audio.webm","",""
"560","
            <div class=""recording-instructions-box"">
              <h2>Review your recording</h2>
              <p>Listen to your recording for this sentence. If you want, you can record it again before moving on.</p>
              <p class=""sentence-stimulus"">Taiwan is the only country whose national flag is not rectangular.</p>
              <audio controls src=""blob:https://charburnham.github.io/0cf729dc-7aeb-4ade-b131-a9d34fa74bee"" class=""playback-audio""></audio>
            </div>
          ","1","html-button-response","485","1261651","0.0-134.0-2.0","6nhu1nbwba","","","","","","queued","35F","Taiwan is the only country whose national flag is not rectangular.","false","sentence_review","","1","6nhu1nbwba_35F_audio.webm","accepted","6nhu1nbwba_35F_audio.webm"
"772","
          <div class=""recording-instructions-box"">
            <h2>Read the sentence aloud</h2>
            <p>Take a moment to get ready. When you are ready to begin, click the button below to start recording.</p>
            <p class=""sentence-stimulus"">Studies suggest that ants can lift up to 50,000 times their own weight.</p>
          </div>
        ","0","html-button-response","486","1262427","0.0-135.0-0.0","6nhu1nbwba","","","","","","","6F","Studies suggest that ants can lift up to 50,000 times their own weight.","false","sentence_ready","","","","",""
"4630","
          <div class=""recording-instructions-box"">
            <h2>Recording in progress</h2>
            <p>Please read the sentence naturally, then click the button when you are done.</p>
            <p class=""sentence-stimulus"">Studies suggest that ants can lift up to 50,000 times their own weight.</p>
          </div>
        ","null","html-audio-response","487","1267121","0.0-135.0-1.0","6nhu1nbwba","","","","","3","","6F","Studies suggest that ants can lift up to 50,000 times their own weight.","false","sentence_recording","blob:https://charburnham.github.io/42cdcc92-49f5-4e2f-ad59-d3d48fed1f27","1","6nhu1nbwba_6F_audio.webm","",""
"641","
            <div class=""recording-instructions-box"">
              <h2>Review your recording</h2>
              <p>Listen to your recording for this sentence. If you want, you can record it again before moving on.</p>
              <p class=""sentence-stimulus"">Studies suggest that ants can lift up to 50,000 times their own weight.</p>
              <audio controls src=""blob:https://charburnham.github.io/42cdcc92-49f5-4e2f-ad59-d3d48fed1f27"" class=""playback-audio""></audio>
            </div>
          ","0","html-button-response","488","1267765","0.0-135.0-2.0","6nhu1nbwba","","","","","","not_uploaded_rerecorded","6F","Studies suggest that ants can lift up to 50,000 times their own weight.","false","sentence_review","","1","6nhu1nbwba_6F_audio.webm","rerecord","null"
"978","
          <div class=""recording-instructions-box"">
            <h2>Read the sentence aloud</h2>
            <p>Take a moment to get ready. When you are ready to begin, click the button below to start recording.</p>
            <p class=""sentence-stimulus"">Studies suggest that ants can lift up to 50,000 times their own weight.</p>
          </div>
        ","0","html-button-response","489","1268745","0.0-135.1-0.1","6nhu1nbwba","","","","","","","6F","Studies suggest that ants can lift up to 50,000 times their own weight.","false","sentence_ready","","","","",""
"3545","
          <div class=""recording-instructions-box"">
            <h2>Recording in progress</h2>
            <p>Please read the sentence naturally, then click the button when you are done.</p>
            <p class=""sentence-stimulus"">Studies suggest that ants can lift up to 50,000 times their own weight.</p>
          </div>
        ","null","html-audio-response","490","1272371","0.0-135.1-1.1","6nhu1nbwba","","","","","17","","6F","Studies suggest that ants can lift up to 50,000 times their own weight.","false","sentence_recording","blob:https://charburnham.github.io/02bc21ff-321e-4850-a953-c803d630c793","2","6nhu1nbwba_6F_audio.webm","",""
"402","
            <div class=""recording-instructions-box"">
              <h2>Review your recording</h2>
              <p>Listen to your recording for this sentence. If you want, you can record it again before moving on.</p>
              <p class=""sentence-stimulus"">Studies suggest that ants can lift up to 50,000 times their own weight.</p>
              <audio controls src=""blob:https://charburnham.github.io/02bc21ff-321e-4850-a953-c803d630c793"" class=""playback-audio""></audio>
            </div>
          ","0","html-button-response","491","1272776","0.0-135.1-2.1","6nhu1nbwba","","","","","","not_uploaded_rerecorded","6F","Studies suggest that ants can lift up to 50,000 times their own weight.","false","sentence_review","","2","6nhu1nbwba_6F_audio.webm","rerecord","null"
"734","
          <div class=""recording-instructions-box"">
            <h2>Read the sentence aloud</h2>
            <p>Take a moment to get ready. When you are ready to begin, click the button below to start recording.</p>
            <p class=""sentence-stimulus"">Studies suggest that ants can lift up to 50,000 times their own weight.</p>
          </div>
        ","0","html-button-response","492","1273512","0.0-135.2-0.2","6nhu1nbwba","","","","","","","6F","Studies suggest that ants can lift up to 50,000 times their own weight.","false","sentence_ready","","","","",""
"1011","
          <div class=""recording-instructions-box"">
            <h2>Recording in progress</h2>
            <p>Please read the sentence naturally, then click the button when you are done.</p>
            <p class=""sentence-stimulus"">Studies suggest that ants can lift up to 50,000 times their own weight.</p>
          </div>
        ","null","html-audio-response","493","1274589","0.0-135.2-1.2","6nhu1nbwba","","","","","7","","6F","Studies suggest that ants can lift up to 50,000 times their own weight.","false","sentence_recording","blob:https://charburnham.github.io/8fcbac6a-a6fb-448a-bd4f-1cfe9ad77b8e","3","6nhu1nbwba_6F_audio.webm","",""
"1595","
            <div class=""recording-instructions-box"">
              <h2>Review your recording</h2>
              <p>Listen to your recording for this sentence. If you want, you can record it again before moving on.</p>
              <p class=""sentence-stimulus"">Studies suggest that ants can lift up to 50,000 times their own weight.</p>
              <audio controls src=""blob:https://charburnham.github.io/8fcbac6a-a6fb-448a-bd4f-1cfe9ad77b8e"" class=""playback-audio""></audio>
            </div>
          ","0","html-button-response","494","1276186","0.0-135.2-2.2","6nhu1nbwba","","","","","","not_uploaded_rerecorded","6F","Studies suggest that ants can lift up to 50,000 times their own weight.","false","sentence_review","","3","6nhu1nbwba_6F_audio.webm","rerecord","null"
"1485","
          <div class=""recording-instructions-box"">
            <h2>Read the sentence aloud</h2>
            <p>Take a moment to get ready. When you are ready to begin, click the button below to start recording.</p>
            <p class=""sentence-stimulus"">Studies suggest that ants can lift up to 50,000 times their own weight.</p>
          </div>
        ","0","html-button-response","495","1277674","0.0-135.3-0.3","6nhu1nbwba","","","","","","","6F","Studies suggest that ants can lift up to 50,000 times their own weight.","false","sentence_ready","","","","",""
"5200","
          <div class=""recording-instructions-box"">
            <h2>Recording in progress</h2>
            <p>Please read the sentence naturally, then click the button when you are done.</p>
            <p class=""sentence-stimulus"">Studies suggest that ants can lift up to 50,000 times their own weight.</p>
          </div>
        ","null","html-audio-response","496","1282955","0.0-135.3-1.3","6nhu1nbwba","","","","","3","","6F","Studies suggest that ants can lift up to 50,000 times their own weight.","false","sentence_recording","blob:https://charburnham.github.io/1ec4e7d8-8938-41be-8dc8-2103182d9fbb","4","6nhu1nbwba_6F_audio.webm","",""
"668","
            <div class=""recording-instructions-box"">
              <h2>Review your recording</h2>
              <p>Listen to your recording for this sentence. If you want, you can record it again before moving on.</p>
              <p class=""sentence-stimulus"">Studies suggest that ants can lift up to 50,000 times their own weight.</p>
              <audio controls src=""blob:https://charburnham.github.io/1ec4e7d8-8938-41be-8dc8-2103182d9fbb"" class=""playback-audio""></audio>
            </div>
          ","1","html-button-response","497","1283626","0.0-135.3-2.3","6nhu1nbwba","","","","","","queued","6F","Studies suggest that ants can lift up to 50,000 times their own weight.","false","sentence_review","","4","6nhu1nbwba_6F_audio.webm","accepted","6nhu1nbwba_6F_audio.webm"
"888","
          <div class=""recording-instructions-box"">
            <h2>Read the sentence aloud</h2>
            <p>Take a moment to get ready. When you are ready to begin, click the button below to start recording.</p>
            <p class=""sentence-stimulus"">A ball of glass will bounce higher than a ball of rubber.</p>
          </div>
        ","0","html-button-response","498","1284518","0.0-136.0-0.0","6nhu1nbwba","","","","","","","F2T","A ball of glass will bounce higher than a ball of rubber.","true","sentence_ready","","","","",""
"4024","
          <div class=""recording-instructions-box"">
            <h2>Recording in progress</h2>
            <p>Please read the sentence naturally, then click the button when you are done.</p>
            <p class=""sentence-stimulus"">A ball of glass will bounce higher than a ball of rubber.</p>
          </div>
        ","null","html-audio-response","499","1288621","0.0-136.0-1.0","6nhu1nbwba","","","","","14","","F2T","A ball of glass will bounce higher than a ball of rubber.","true","sentence_recording","blob:https://charburnham.github.io/a619db25-a588-432f-9e17-8c12e621a49f","1","6nhu1nbwba_F2T_audio.webm","",""
"637","
            <div class=""recording-instructions-box"">
              <h2>Review your recording</h2>
              <p>Listen to your recording for this sentence. If you want, you can record it again before moving on.</p>
              <p class=""sentence-stimulus"">A ball of glass will bounce higher than a ball of rubber.</p>
              <audio controls src=""blob:https://charburnham.github.io/a619db25-a588-432f-9e17-8c12e621a49f"" class=""playback-audio""></audio>
            </div>
          ","1","html-button-response","500","1289260","0.0-136.0-2.0","6nhu1nbwba","","","","","","queued","F2T","A ball of glass will bounce higher than a ball of rubber.","true","sentence_review","","1","6nhu1nbwba_F2T_audio.webm","accepted","6nhu1nbwba_F2T_audio.webm"
"1296","
          <div class=""recording-instructions-box"">
            <h2>Read the sentence aloud</h2>
            <p>Take a moment to get ready. When you are ready to begin, click the button below to start recording.</p>
            <p class=""sentence-stimulus"">Adult beavers can hold their breath for up to 45 minutes under water.</p>
          </div>
        ","0","html-button-response","501","1290560","0.0-137.0-0.0","6nhu1nbwba","","","","","","","3F","Adult beavers can hold their breath for up to 45 minutes under water.","false","sentence_ready","","","","",""
"4090","
          <div class=""recording-instructions-box"">
            <h2>Recording in progress</h2>
            <p>Please read the sentence naturally, then click the button when you are done.</p>
            <p class=""sentence-stimulus"">Adult beavers can hold their breath for up to 45 minutes under water.</p>
          </div>
        ","null","html-audio-response","502","1294721","0.0-137.0-1.0","6nhu1nbwba","","","","","7","","3F","Adult beavers can hold their breath for up to 45 minutes under water.","false","sentence_recording","blob:https://charburnham.github.io/acef8dcf-3449-4378-859a-6fdd54817ddf","1","6nhu1nbwba_3F_audio.webm","",""
"519","
            <div class=""recording-instructions-box"">
              <h2>Review your recording</h2>
              <p>Listen to your recording for this sentence. If you want, you can record it again before moving on.</p>
              <p class=""sentence-stimulus"">Adult beavers can hold their breath for up to 45 minutes under water.</p>
              <audio controls src=""blob:https://charburnham.github.io/acef8dcf-3449-4378-859a-6fdd54817ddf"" class=""playback-audio""></audio>
            </div>
          ","0","html-button-response","503","1295244","0.0-137.0-2.0","6nhu1nbwba","","","","","","not_uploaded_rerecorded","3F","Adult beavers can hold their breath for up to 45 minutes under water.","false","sentence_review","","1","6nhu1nbwba_3F_audio.webm","rerecord","null"
"758","
          <div class=""recording-instructions-box"">
            <h2>Read the sentence aloud</h2>
            <p>Take a moment to get ready. When you are ready to begin, click the button below to start recording.</p>
            <p class=""sentence-stimulus"">Adult beavers can hold their breath for up to 45 minutes under water.</p>
          </div>
        ","0","html-button-response","504","1296004","0.0-137.1-0.1","6nhu1nbwba","","","","","","","3F","Adult beavers can hold their breath for up to 45 minutes under water.","false","sentence_ready","","","","",""
"4911","
          <div class=""recording-instructions-box"">
            <h2>Recording in progress</h2>
            <p>Please read the sentence naturally, then click the button when you are done.</p>
            <p class=""sentence-stimulus"">Adult beavers can hold their breath for up to 45 minutes under water.</p>
          </div>
        ","null","html-audio-response","505","1300988","0.0-137.1-1.1","6nhu1nbwba","","","","","7","","3F","Adult beavers can hold their breath for up to 45 minutes under water.","false","sentence_recording","blob:https://charburnham.github.io/78b7762b-8735-4d6e-ab2a-5aad9e3f553c","2","6nhu1nbwba_3F_audio.webm","",""
"484","
            <div class=""recording-instructions-box"">
              <h2>Review your recording</h2>
              <p>Listen to your recording for this sentence. If you want, you can record it again before moving on.</p>
              <p class=""sentence-stimulus"">Adult beavers can hold their breath for up to 45 minutes under water.</p>
              <audio controls src=""blob:https://charburnham.github.io/78b7762b-8735-4d6e-ab2a-5aad9e3f553c"" class=""playback-audio""></audio>
            </div>
          ","1","html-button-response","506","1301475","0.0-137.1-2.1","6nhu1nbwba","","","","","","queued","3F","Adult beavers can hold their breath for up to 45 minutes under water.","false","sentence_review","","2","6nhu1nbwba_3F_audio.webm","accepted","6nhu1nbwba_3F_audio.webm"
"952","
          <div class=""recording-instructions-box"">
            <h2>Read the sentence aloud</h2>
            <p>Take a moment to get ready. When you are ready to begin, click the button below to start recording.</p>
            <p class=""sentence-stimulus"">The cheetah is the only cat that cannot retract its claws.</p>
          </div>
        ","0","html-button-response","507","1302431","0.0-138.0-0.0","6nhu1nbwba","","","","","","","43T","The cheetah is the only cat that cannot retract its claws.","true","sentence_ready","","","","",""
"5061","
          <div class=""recording-instructions-box"">
            <h2>Recording in progress</h2>
            <p>Please read the sentence naturally, then click the button when you are done.</p>
            <p class=""sentence-stimulus"">The cheetah is the only cat that cannot retract its claws.</p>
          </div>
        ","null","html-audio-response","508","1307556","0.0-138.0-1.0","6nhu1nbwba","","","","","4","","43T","The cheetah is the only cat that cannot retract its claws.","true","sentence_recording","blob:https://charburnham.github.io/0ce1be60-37ea-4a94-9da1-b2446249015c","1","6nhu1nbwba_43T_audio.webm","",""
"506","
            <div class=""recording-instructions-box"">
              <h2>Review your recording</h2>
              <p>Listen to your recording for this sentence. If you want, you can record it again before moving on.</p>
              <p class=""sentence-stimulus"">The cheetah is the only cat that cannot retract its claws.</p>
              <audio controls src=""blob:https://charburnham.github.io/0ce1be60-37ea-4a94-9da1-b2446249015c"" class=""playback-audio""></audio>
            </div>
          ","1","html-button-response","509","1308064","0.0-138.0-2.0","6nhu1nbwba","","","","","","queued","43T","The cheetah is the only cat that cannot retract its claws.","true","sentence_review","","1","6nhu1nbwba_43T_audio.webm","accepted","6nhu1nbwba_43T_audio.webm"
"1909","
          <div class=""recording-instructions-box"">
            <h2>Read the sentence aloud</h2>
            <p>Take a moment to get ready. When you are ready to begin, click the button below to start recording.</p>
            <p class=""sentence-stimulus"">Cows give more milk when they listen to music.</p>
          </div>
        ","0","html-button-response","510","1309978","0.0-139.0-0.0","6nhu1nbwba","","","","","","","F7T","Cows give more milk when they listen to music.","true","sentence_ready","","","","",""
"4566","
          <div class=""recording-instructions-box"">
            <h2>Recording in progress</h2>
            <p>Please read the sentence naturally, then click the button when you are done.</p>
            <p class=""sentence-stimulus"">Cows give more milk when they listen to music.</p>
          </div>
        ","null","html-audio-response","511","1314622","0.0-139.0-1.0","6nhu1nbwba","","","","","4","","F7T","Cows give more milk when they listen to music.","true","sentence_recording","blob:https://charburnham.github.io/93372dc8-15bc-4df3-8462-253905967cc7","1","6nhu1nbwba_F7T_audio.webm","",""
"1673","
            <div class=""recording-instructions-box"">
              <h2>Review your recording</h2>
              <p>Listen to your recording for this sentence. If you want, you can record it again before moving on.</p>
              <p class=""sentence-stimulus"">Cows give more milk when they listen to music.</p>
              <audio controls src=""blob:https://charburnham.github.io/93372dc8-15bc-4df3-8462-253905967cc7"" class=""playback-audio""></audio>
            </div>
          ","1","html-button-response","512","1316299","0.0-139.0-2.0","6nhu1nbwba","","","","","","queued","F7T","Cows give more milk when they listen to music.","true","sentence_review","","1","6nhu1nbwba_F7T_audio.webm","accepted","6nhu1nbwba_F7T_audio.webm"
"975","
          <div class=""recording-instructions-box"">
            <h2>Read the sentence aloud</h2>
            <p>Take a moment to get ready. When you are ready to begin, click the button below to start recording.</p>
            <p class=""sentence-stimulus"">Louisiana was named after Louis 16th.</p>
          </div>
        ","0","html-button-response","513","1317279","0.0-140.0-0.0","6nhu1nbwba","","","","","","","17F","Louisiana was named after Louis 16th.","false","sentence_ready","","","","",""
"4012","
          <div class=""recording-instructions-box"">
            <h2>Recording in progress</h2>
            <p>Please read the sentence naturally, then click the button when you are done.</p>
            <p class=""sentence-stimulus"">Louisiana was named after Louis 16th.</p>
          </div>
        ","null","html-audio-response","514","1321355","0.0-140.0-1.0","6nhu1nbwba","","","","","3","","17F","Louisiana was named after Louis 16th.","false","sentence_recording","blob:https://charburnham.github.io/e4c983fb-3946-4ab9-88fb-0c42e0ad4dcb","1","6nhu1nbwba_17F_audio.webm","",""
"639","
            <div class=""recording-instructions-box"">
              <h2>Review your recording</h2>
              <p>Listen to your recording for this sentence. If you want, you can record it again before moving on.</p>
              <p class=""sentence-stimulus"">Louisiana was named after Louis 16th.</p>
              <audio controls src=""blob:https://charburnham.github.io/e4c983fb-3946-4ab9-88fb-0c42e0ad4dcb"" class=""playback-audio""></audio>
            </div>
          ","1","html-button-response","515","1321997","0.0-140.0-2.0","6nhu1nbwba","","","","","","queued","17F","Louisiana was named after Louis 16th.","false","sentence_review","","1","6nhu1nbwba_17F_audio.webm","accepted","6nhu1nbwba_17F_audio.webm"
"902","
          <div class=""recording-instructions-box"">
            <h2>Read the sentence aloud</h2>
            <p>Take a moment to get ready. When you are ready to begin, click the button below to start recording.</p>
            <p class=""sentence-stimulus"">Roughly 7% of the world's water is fresh water.</p>
          </div>
        ","0","html-button-response","516","1322903","0.0-141.0-0.0","6nhu1nbwba","","","","","","","46F","Roughly 7% of the world's water is fresh water.","false","sentence_ready","","","","",""
"4820","
          <div class=""recording-instructions-box"">
            <h2>Recording in progress</h2>
            <p>Please read the sentence naturally, then click the button when you are done.</p>
            <p class=""sentence-stimulus"">Roughly 7% of the world's water is fresh water.</p>
          </div>
        ","null","html-audio-response","517","1327806","0.0-141.0-1.0","6nhu1nbwba","","","","","8","","46F","Roughly 7% of the world's water is fresh water.","false","sentence_recording","blob:https://charburnham.github.io/eb92f78b-36d5-451a-ba13-4e2fa8380860","1","6nhu1nbwba_46F_audio.webm","",""
"719","
            <div class=""recording-instructions-box"">
              <h2>Review your recording</h2>
              <p>Listen to your recording for this sentence. If you want, you can record it again before moving on.</p>
              <p class=""sentence-stimulus"">Roughly 7% of the world's water is fresh water.</p>
              <audio controls src=""blob:https://charburnham.github.io/eb92f78b-36d5-451a-ba13-4e2fa8380860"" class=""playback-audio""></audio>
            </div>
          ","1","html-button-response","518","1328528","0.0-141.0-2.0","6nhu1nbwba","","","","","","queued","46F","Roughly 7% of the world's water is fresh water.","false","sentence_review","","1","6nhu1nbwba_46F_audio.webm","accepted","6nhu1nbwba_46F_audio.webm"
"1377","
          <div class=""recording-instructions-box"">
            <h2>Read the sentence aloud</h2>
            <p>Take a moment to get ready. When you are ready to begin, click the button below to start recording.</p>
            <p class=""sentence-stimulus"">The first trains went into operation in the 1700s.</p>
          </div>
        ","0","html-button-response","519","1329909","0.0-142.0-0.0","6nhu1nbwba","","","","","","","45T","The first trains went into operation in the 1700s.","true","sentence_ready","","","","",""
"4734","
          <div class=""recording-instructions-box"">
            <h2>Recording in progress</h2>
            <p>Please read the sentence naturally, then click the button when you are done.</p>
            <p class=""sentence-stimulus"">The first trains went into operation in the 1700s.</p>
          </div>
        ","null","html-audio-response","520","1334722","0.0-142.0-1.0","6nhu1nbwba","","","","","8","","45T","The first trains went into operation in the 1700s.","true","sentence_recording","blob:https://charburnham.github.io/8a236503-b6cd-479d-a38e-cdef684bde35","1","6nhu1nbwba_45T_audio.webm","",""
"1128","
            <div class=""recording-instructions-box"">
              <h2>Review your recording</h2>
              <p>Listen to your recording for this sentence. If you want, you can record it again before moving on.</p>
              <p class=""sentence-stimulus"">The first trains went into operation in the 1700s.</p>
              <audio controls src=""blob:https://charburnham.github.io/8a236503-b6cd-479d-a38e-cdef684bde35"" class=""playback-audio""></audio>
            </div>
          ","1","html-button-response","521","1335853","0.0-142.0-2.0","6nhu1nbwba","","","","","","queued","45T","The first trains went into operation in the 1700s.","true","sentence_review","","1","6nhu1nbwba_45T_audio.webm","accepted","6nhu1nbwba_45T_audio.webm"
"1083","
          <div class=""recording-instructions-box"">
            <h2>Read the sentence aloud</h2>
            <p>Take a moment to get ready. When you are ready to begin, click the button below to start recording.</p>
            <p class=""sentence-stimulus"">There are towns named Sandwich in Arizona and Massachusetts.</p>
          </div>
        ","0","html-button-response","522","1336940","0.0-143.0-0.0","6nhu1nbwba","","","","","","","20F","There are towns named Sandwich in Arizona and Massachusetts.","false","sentence_ready","","","","",""
"4877","
          <div class=""recording-instructions-box"">
            <h2>Recording in progress</h2>
            <p>Please read the sentence naturally, then click the button when you are done.</p>
            <p class=""sentence-stimulus"">There are towns named Sandwich in Arizona and Massachusetts.</p>
          </div>
        ","null","html-audio-response","523","1341889","0.0-143.0-1.0","6nhu1nbwba","","","","","14","","20F","There are towns named Sandwich in Arizona and Massachusetts.","false","sentence_recording","blob:https://charburnham.github.io/0d461d32-5707-4db4-9ed7-97e9d4763df1","1","6nhu1nbwba_20F_audio.webm","",""
"698","
            <div class=""recording-instructions-box"">
              <h2>Review your recording</h2>
              <p>Listen to your recording for this sentence. If you want, you can record it again before moving on.</p>
              <p class=""sentence-stimulus"">There are towns named Sandwich in Arizona and Massachusetts.</p>
              <audio controls src=""blob:https://charburnham.github.io/0d461d32-5707-4db4-9ed7-97e9d4763df1"" class=""playback-audio""></audio>
            </div>
          ","1","html-button-response","524","1342590","0.0-143.0-2.0","6nhu1nbwba","","","","","","queued","20F","There are towns named Sandwich in Arizona and Massachusetts.","false","sentence_review","","1","6nhu1nbwba_20F_audio.webm","accepted","6nhu1nbwba_20F_audio.webm"
"1148","
          <div class=""recording-instructions-box"">
            <h2>Read the sentence aloud</h2>
            <p>Take a moment to get ready. When you are ready to begin, click the button below to start recording.</p>
            <p class=""sentence-stimulus"">An iceberg contains significantly less total heat energy than a burning match.</p>
          </div>
        ","0","html-button-response","525","1343743","0.0-144.0-0.0","6nhu1nbwba","","","","","","","1F","An iceberg contains significantly less total heat energy than a burning match.","false","sentence_ready","","","","",""
"5760","
          <div class=""recording-instructions-box"">
            <h2>Recording in progress</h2>
            <p>Please read the sentence naturally, then click the button when you are done.</p>
            <p class=""sentence-stimulus"">An iceberg contains significantly less total heat energy than a burning match.</p>
          </div>
        ","null","html-audio-response","526","1349572","0.0-144.0-1.0","6nhu1nbwba","","","","","3","","1F","An iceberg contains significantly less total heat energy than a burning match.","false","sentence_recording","blob:https://charburnham.github.io/27ba3724-7c32-4d66-b0bf-d578638cef2f","1","6nhu1nbwba_1F_audio.webm","",""
"758","
            <div class=""recording-instructions-box"">
              <h2>Review your recording</h2>
              <p>Listen to your recording for this sentence. If you want, you can record it again before moving on.</p>
              <p class=""sentence-stimulus"">An iceberg contains significantly less total heat energy than a burning match.</p>
              <audio controls src=""blob:https://charburnham.github.io/27ba3724-7c32-4d66-b0bf-d578638cef2f"" class=""playback-audio""></audio>
            </div>
          ","1","html-button-response","527","1350333","0.0-144.0-2.0","6nhu1nbwba","","","","","","queued","1F","An iceberg contains significantly less total heat energy than a burning match.","false","sentence_review","","1","6nhu1nbwba_1F_audio.webm","accepted","6nhu1nbwba_1F_audio.webm"
"968","
          <div class=""recording-instructions-box"">
            <h2>Read the sentence aloud</h2>
            <p>Take a moment to get ready. When you are ready to begin, click the button below to start recording.</p>
            <p class=""sentence-stimulus"">Tapeworms can reach up to 98 feet in length.</p>
          </div>
        ","0","html-button-response","528","1351306","0.0-145.0-0.0","6nhu1nbwba","","","","","","","47T","Tapeworms can reach up to 98 feet in length.","true","sentence_ready","","","","",""
"1264","
          <div class=""recording-instructions-box"">
            <h2>Recording in progress</h2>
            <p>Please read the sentence naturally, then click the button when you are done.</p>
            <p class=""sentence-stimulus"">Tapeworms can reach up to 98 feet in length.</p>
          </div>
        ","null","html-audio-response","529","1352639","0.0-145.0-1.0","6nhu1nbwba","","","","","7","","47T","Tapeworms can reach up to 98 feet in length.","true","sentence_recording","blob:https://charburnham.github.io/c0499e49-7dee-4779-96fb-18d24072f146","1","6nhu1nbwba_47T_audio.webm","",""
"593","
            <div class=""recording-instructions-box"">
              <h2>Review your recording</h2>
              <p>Listen to your recording for this sentence. If you want, you can record it again before moving on.</p>
              <p class=""sentence-stimulus"">Tapeworms can reach up to 98 feet in length.</p>
              <audio controls src=""blob:https://charburnham.github.io/c0499e49-7dee-4779-96fb-18d24072f146"" class=""playback-audio""></audio>
            </div>
          ","0","html-button-response","530","1353235","0.0-145.0-2.0","6nhu1nbwba","","","","","","not_uploaded_rerecorded","47T","Tapeworms can reach up to 98 feet in length.","true","sentence_review","","1","6nhu1nbwba_47T_audio.webm","rerecord","null"
"2401","
          <div class=""recording-instructions-box"">
            <h2>Read the sentence aloud</h2>
            <p>Take a moment to get ready. When you are ready to begin, click the button below to start recording.</p>
            <p class=""sentence-stimulus"">Tapeworms can reach up to 98 feet in length.</p>
          </div>
        ","0","html-button-response","531","1355639","0.0-145.1-0.1","6nhu1nbwba","","","","","","","47T","Tapeworms can reach up to 98 feet in length.","true","sentence_ready","","","","",""
"3898","
          <div class=""recording-instructions-box"">
            <h2>Recording in progress</h2>
            <p>Please read the sentence naturally, then click the button when you are done.</p>
            <p class=""sentence-stimulus"">Tapeworms can reach up to 98 feet in length.</p>
          </div>
        ","null","html-audio-response","532","1359607","0.0-145.1-1.1","6nhu1nbwba","","","","","11","","47T","Tapeworms can reach up to 98 feet in length.","true","sentence_recording","blob:https://charburnham.github.io/54891a47-2398-4dfb-8236-dbec5df33fa1","2","6nhu1nbwba_47T_audio.webm","",""
"649","
            <div class=""recording-instructions-box"">
              <h2>Review your recording</h2>
              <p>Listen to your recording for this sentence. If you want, you can record it again before moving on.</p>
              <p class=""sentence-stimulus"">Tapeworms can reach up to 98 feet in length.</p>
              <audio controls src=""blob:https://charburnham.github.io/54891a47-2398-4dfb-8236-dbec5df33fa1"" class=""playback-audio""></audio>
            </div>
          ","1","html-button-response","533","1360258","0.0-145.1-2.1","6nhu1nbwba","","","","","","queued","47T","Tapeworms can reach up to 98 feet in length.","true","sentence_review","","2","6nhu1nbwba_47T_audio.webm","accepted","6nhu1nbwba_47T_audio.webm"
"912","
          <div class=""recording-instructions-box"">
            <h2>Read the sentence aloud</h2>
            <p>Take a moment to get ready. When you are ready to begin, click the button below to start recording.</p>
            <p class=""sentence-stimulus"">Half your body's red blood cells are replaced every three days.</p>
          </div>
        ","0","html-button-response","534","1361174","0.0-146.0-0.0","6nhu1nbwba","","","","","","","21F","Half your body's red blood cells are replaced every three days.","false","sentence_ready","","","","",""
"4259","
          <div class=""recording-instructions-box"">
            <h2>Recording in progress</h2>
            <p>Please read the sentence naturally, then click the button when you are done.</p>
            <p class=""sentence-stimulus"">Half your body's red blood cells are replaced every three days.</p>
          </div>
        ","null","html-audio-response","535","1365505","0.0-146.0-1.0","6nhu1nbwba","","","","","4","","21F","Half your body's red blood cells are replaced every three days.","false","sentence_recording","blob:https://charburnham.github.io/3018a963-d375-489c-97ed-6e12d535b90f","1","6nhu1nbwba_21F_audio.webm","",""
"752","
            <div class=""recording-instructions-box"">
              <h2>Review your recording</h2>
              <p>Listen to your recording for this sentence. If you want, you can record it again before moving on.</p>
              <p class=""sentence-stimulus"">Half your body's red blood cells are replaced every three days.</p>
              <audio controls src=""blob:https://charburnham.github.io/3018a963-d375-489c-97ed-6e12d535b90f"" class=""playback-audio""></audio>
            </div>
          ","1","html-button-response","536","1366260","0.0-146.0-2.0","6nhu1nbwba","","","","","","queued","21F","Half your body's red blood cells are replaced every three days.","false","sentence_review","","1","6nhu1nbwba_21F_audio.webm","accepted","6nhu1nbwba_21F_audio.webm"
"1017","
          <div class=""recording-instructions-box"">
            <h2>Read the sentence aloud</h2>
            <p>Take a moment to get ready. When you are ready to begin, click the button below to start recording.</p>
            <p class=""sentence-stimulus"">Children tend to grow faster in the spring.</p>
          </div>
        ","0","html-button-response","537","1367281","0.0-147.0-0.0","6nhu1nbwba","","","","","","","F12T","Children tend to grow faster in the spring.","true","sentence_ready","","","","",""
"3442","
          <div class=""recording-instructions-box"">
            <h2>Recording in progress</h2>
            <p>Please read the sentence naturally, then click the button when you are done.</p>
            <p class=""sentence-stimulus"">Children tend to grow faster in the spring.</p>
          </div>
        ","null","html-audio-response","538","1370789","0.0-147.0-1.0","6nhu1nbwba","","","","","4","","F12T","Children tend to grow faster in the spring.","true","sentence_recording","blob:https://charburnham.github.io/90f768d1-7934-4f50-9117-04a2bc7e6d19","1","6nhu1nbwba_F12T_audio.webm","",""
"1183","
            <div class=""recording-instructions-box"">
              <h2>Review your recording</h2>
              <p>Listen to your recording for this sentence. If you want, you can record it again before moving on.</p>
              <p class=""sentence-stimulus"">Children tend to grow faster in the spring.</p>
              <audio controls src=""blob:https://charburnham.github.io/90f768d1-7934-4f50-9117-04a2bc7e6d19"" class=""playback-audio""></audio>
            </div>
          ","1","html-button-response","539","1371975","0.0-147.0-2.0","6nhu1nbwba","","","","","","queued","F12T","Children tend to grow faster in the spring.","true","sentence_review","","1","6nhu1nbwba_F12T_audio.webm","accepted","6nhu1nbwba_F12T_audio.webm"
"1443","
          <div class=""recording-instructions-box"">
            <h2>Read the sentence aloud</h2>
            <p>Take a moment to get ready. When you are ready to begin, click the button below to start recording.</p>
            <p class=""sentence-stimulus"">France has twice the land area of Colombia.</p>
          </div>
        ","0","html-button-response","540","1373422","0.0-148.0-0.0","6nhu1nbwba","","","","","","","36F","France has twice the land area of Colombia.","false","sentence_ready","","","","",""
"4233","
          <div class=""recording-instructions-box"">
            <h2>Recording in progress</h2>
            <p>Please read the sentence naturally, then click the button when you are done.</p>
            <p class=""sentence-stimulus"">France has twice the land area of Colombia.</p>
          </div>
        ","null","html-audio-response","541","1377740","0.0-148.0-1.0","6nhu1nbwba","","","","","4","","36F","France has twice the land area of Colombia.","false","sentence_recording","blob:https://charburnham.github.io/dc2e0d85-0df4-4086-9e18-96ae79e712e3","1","6nhu1nbwba_36F_audio.webm","",""
"4885","
            <div class=""recording-instructions-box"">
              <h2>Review your recording</h2>
              <p>Listen to your recording for this sentence. If you want, you can record it again before moving on.</p>
              <p class=""sentence-stimulus"">France has twice the land area of Colombia.</p>
              <audio controls src=""blob:https://charburnham.github.io/dc2e0d85-0df4-4086-9e18-96ae79e712e3"" class=""playback-audio""></audio>
            </div>
          ","1","html-button-response","542","1382628","0.0-148.0-2.0","6nhu1nbwba","","","","","","queued","36F","France has twice the land area of Colombia.","false","sentence_review","","1","6nhu1nbwba_36F_audio.webm","accepted","6nhu1nbwba_36F_audio.webm"
"1058","
          <div class=""recording-instructions-box"">
            <h2>Read the sentence aloud</h2>
            <p>Take a moment to get ready. When you are ready to begin, click the button below to start recording.</p>
            <p class=""sentence-stimulus"">The world's first nuclear reactor was built in a tennis court.</p>
          </div>
        ","0","html-button-response","543","1383690","0.0-149.0-0.0","6nhu1nbwba","","","","","","","2F","The world's first nuclear reactor was built in a tennis court.","false","sentence_ready","","","","",""
"4194","
          <div class=""recording-instructions-box"">
            <h2>Recording in progress</h2>
            <p>Please read the sentence naturally, then click the button when you are done.</p>
            <p class=""sentence-stimulus"">The world's first nuclear reactor was built in a tennis court.</p>
          </div>
        ","null","html-audio-response","544","1387956","0.0-149.0-1.0","6nhu1nbwba","","","","","12","","2F","The world's first nuclear reactor was built in a tennis court.","false","sentence_recording","blob:https://charburnham.github.io/d2242386-4b92-4860-9e15-63797c3d1fe2","1","6nhu1nbwba_2F_audio.webm","",""
"6077","
            <div class=""recording-instructions-box"">
              <h2>Review your recording</h2>
              <p>Listen to your recording for this sentence. If you want, you can record it again before moving on.</p>
              <p class=""sentence-stimulus"">The world's first nuclear reactor was built in a tennis court.</p>
              <audio controls src=""blob:https://charburnham.github.io/d2242386-4b92-4860-9e15-63797c3d1fe2"" class=""playback-audio""></audio>
            </div>
          ","0","html-button-response","545","1394036","0.0-149.0-2.0","6nhu1nbwba","","","","","","not_uploaded_rerecorded","2F","The world's first nuclear reactor was built in a tennis court.","false","sentence_review","","1","6nhu1nbwba_2F_audio.webm","rerecord","null"
"862","
          <div class=""recording-instructions-box"">
            <h2>Read the sentence aloud</h2>
            <p>Take a moment to get ready. When you are ready to begin, click the button below to start recording.</p>
            <p class=""sentence-stimulus"">The world's first nuclear reactor was built in a tennis court.</p>
          </div>
        ","0","html-button-response","546","1394901","0.0-149.1-0.1","6nhu1nbwba","","","","","","","2F","The world's first nuclear reactor was built in a tennis court.","false","sentence_ready","","","","",""
"3117","
          <div class=""recording-instructions-box"">
            <h2>Recording in progress</h2>
            <p>Please read the sentence naturally, then click the button when you are done.</p>
            <p class=""sentence-stimulus"">The world's first nuclear reactor was built in a tennis court.</p>
          </div>
        ","null","html-audio-response","547","1398090","0.0-149.1-1.1","6nhu1nbwba","","","","","3","","2F","The world's first nuclear reactor was built in a tennis court.","false","sentence_recording","blob:https://charburnham.github.io/c97b99f3-7f78-4801-9f49-de9f7f39c31c","2","6nhu1nbwba_2F_audio.webm","",""
"547","
            <div class=""recording-instructions-box"">
              <h2>Review your recording</h2>
              <p>Listen to your recording for this sentence. If you want, you can record it again before moving on.</p>
              <p class=""sentence-stimulus"">The world's first nuclear reactor was built in a tennis court.</p>
              <audio controls src=""blob:https://charburnham.github.io/c97b99f3-7f78-4801-9f49-de9f7f39c31c"" class=""playback-audio""></audio>
            </div>
          ","0","html-button-response","548","1398639","0.0-149.1-2.1","6nhu1nbwba","","","","","","not_uploaded_rerecorded","2F","The world's first nuclear reactor was built in a tennis court.","false","sentence_review","","2","6nhu1nbwba_2F_audio.webm","rerecord","null"
"7511","
          <div class=""recording-instructions-box"">
            <h2>Read the sentence aloud</h2>
            <p>Take a moment to get ready. When you are ready to begin, click the button below to start recording.</p>
            <p class=""sentence-stimulus"">The world's first nuclear reactor was built in a tennis court.</p>
          </div>
        ","0","html-button-response","549","1406153","0.0-149.2-0.2","6nhu1nbwba","","","","","","","2F","The world's first nuclear reactor was built in a tennis court.","false","sentence_ready","","","","",""
"788","
          <div class=""recording-instructions-box"">
            <h2>Recording in progress</h2>
            <p>Please read the sentence naturally, then click the button when you are done.</p>
            <p class=""sentence-stimulus"">The world's first nuclear reactor was built in a tennis court.</p>
          </div>
        ","null","html-audio-response","550","1407022","0.0-149.2-1.2","6nhu1nbwba","","","","","8","","2F","The world's first nuclear reactor was built in a tennis court.","false","sentence_recording","blob:https://charburnham.github.io/a41d4090-9f63-4843-8862-e285311c4438","3","6nhu1nbwba_2F_audio.webm","",""
"683","
            <div class=""recording-instructions-box"">
              <h2>Review your recording</h2>
              <p>Listen to your recording for this sentence. If you want, you can record it again before moving on.</p>
              <p class=""sentence-stimulus"">The world's first nuclear reactor was built in a tennis court.</p>
              <audio controls src=""blob:https://charburnham.github.io/a41d4090-9f63-4843-8862-e285311c4438"" class=""playback-audio""></audio>
            </div>
          ","0","html-button-response","551","1407707","0.0-149.2-2.2","6nhu1nbwba","","","","","","not_uploaded_rerecorded","2F","The world's first nuclear reactor was built in a tennis court.","false","sentence_review","","3","6nhu1nbwba_2F_audio.webm","rerecord","null"
"4233","
          <div class=""recording-instructions-box"">
            <h2>Read the sentence aloud</h2>
            <p>Take a moment to get ready. When you are ready to begin, click the button below to start recording.</p>
            <p class=""sentence-stimulus"">The world's first nuclear reactor was built in a tennis court.</p>
          </div>
        ","0","html-button-response","552","1411942","0.0-149.3-0.3","6nhu1nbwba","","","","","","","2F","The world's first nuclear reactor was built in a tennis court.","false","sentence_ready","","","","",""
"1056","
          <div class=""recording-instructions-box"">
            <h2>Recording in progress</h2>
            <p>Please read the sentence naturally, then click the button when you are done.</p>
            <p class=""sentence-stimulus"">The world's first nuclear reactor was built in a tennis court.</p>
          </div>
        ","null","html-audio-response","553","1413073","0.0-149.3-1.3","6nhu1nbwba","","","","","12","","2F","The world's first nuclear reactor was built in a tennis court.","false","sentence_recording","blob:https://charburnham.github.io/3296c155-e199-42f5-a597-2d6162ea2788","4","6nhu1nbwba_2F_audio.webm","",""
"478","
            <div class=""recording-instructions-box"">
              <h2>Review your recording</h2>
              <p>Listen to your recording for this sentence. If you want, you can record it again before moving on.</p>
              <p class=""sentence-stimulus"">The world's first nuclear reactor was built in a tennis court.</p>
              <audio controls src=""blob:https://charburnham.github.io/3296c155-e199-42f5-a597-2d6162ea2788"" class=""playback-audio""></audio>
            </div>
          ","0","html-button-response","554","1413553","0.0-149.3-2.3","6nhu1nbwba","","","","","","not_uploaded_rerecorded","2F","The world's first nuclear reactor was built in a tennis court.","false","sentence_review","","4","6nhu1nbwba_2F_audio.webm","rerecord","null"
"748","
          <div class=""recording-instructions-box"">
            <h2>Read the sentence aloud</h2>
            <p>Take a moment to get ready. When you are ready to begin, click the button below to start recording.</p>
            <p class=""sentence-stimulus"">The world's first nuclear reactor was built in a tennis court.</p>
          </div>
        ","0","html-button-response","555","1414305","0.0-149.4-0.4","6nhu1nbwba","","","","","","","2F","The world's first nuclear reactor was built in a tennis court.","false","sentence_ready","","","","",""
"4336","
          <div class=""recording-instructions-box"">
            <h2>Recording in progress</h2>
            <p>Please read the sentence naturally, then click the button when you are done.</p>
            <p class=""sentence-stimulus"">The world's first nuclear reactor was built in a tennis court.</p>
          </div>
        ","null","html-audio-response","556","1418723","0.0-149.4-1.4","6nhu1nbwba","","","","","8","","2F","The world's first nuclear reactor was built in a tennis court.","false","sentence_recording","blob:https://charburnham.github.io/17f03bcf-8de6-4662-ae2e-1cea6613ee10","5","6nhu1nbwba_2F_audio.webm","",""
"4998","
            <div class=""recording-instructions-box"">
              <h2>Review your recording</h2>
              <p>Listen to your recording for this sentence. If you want, you can record it again before moving on.</p>
              <p class=""sentence-stimulus"">The world's first nuclear reactor was built in a tennis court.</p>
              <audio controls src=""blob:https://charburnham.github.io/17f03bcf-8de6-4662-ae2e-1cea6613ee10"" class=""playback-audio""></audio>
            </div>
          ","1","html-button-response","557","1423725","0.0-149.4-2.4","6nhu1nbwba","","","","","","queued","2F","The world's first nuclear reactor was built in a tennis court.","false","sentence_review","","5","6nhu1nbwba_2F_audio.webm","accepted","6nhu1nbwba_2F_audio.webm"
"590","
          <div class=""recording-instructions-box"">
            <h2>Read the sentence aloud</h2>
            <p>Take a moment to get ready. When you are ready to begin, click the button below to start recording.</p>
            <p class=""sentence-stimulus"">Traffic lights were invented before automobiles.</p>
          </div>
        ","0","html-button-response","558","1424319","0.0-150.0-0.0","6nhu1nbwba","","","","","","","26T","Traffic lights were invented before automobiles.","true","sentence_ready","","","","",""
"1664","
          <div class=""recording-instructions-box"">
            <h2>Recording in progress</h2>
            <p>Please read the sentence naturally, then click the button when you are done.</p>
            <p class=""sentence-stimulus"">Traffic lights were invented before automobiles.</p>
          </div>
        ","null","html-audio-response","559","1426057","0.0-150.0-1.0","6nhu1nbwba","","","","","14","","26T","Traffic lights were invented before automobiles.","true","sentence_recording","blob:https://charburnham.github.io/e1239526-cc8c-4199-a09d-7f4897b0be2f","1","6nhu1nbwba_26T_audio.webm","",""
"4735","
            <div class=""recording-instructions-box"">
              <h2>Review your recording</h2>
              <p>Listen to your recording for this sentence. If you want, you can record it again before moving on.</p>
              <p class=""sentence-stimulus"">Traffic lights were invented before automobiles.</p>
              <audio controls src=""blob:https://charburnham.github.io/e1239526-cc8c-4199-a09d-7f4897b0be2f"" class=""playback-audio""></audio>
            </div>
          ","1","html-button-response","560","1430795","0.0-150.0-2.0","6nhu1nbwba","","","","","","queued","26T","Traffic lights were invented before automobiles.","true","sentence_review","","1","6nhu1nbwba_26T_audio.webm","accepted","6nhu1nbwba_26T_audio.webm"
